{"stat.craftItem.minecraft.cooked_rabbit":1,"stat.leaveGame":8,"stat.mineBlock.minecraft.cobblestone":2,"stat.mineBlock.minecraft.yellow_flower":1,"stat.killEntity.vampirism.vampire":1,"stat.swimOneCm":2230,"stat.useItem.minecraft.planks":10,"stat.pickup.minecraft.porkchop":34,"stat.useItem.minecraft.dirt":7,"stat.useItem.minecraft.stone_slab2":11,"stat.pickup.minecraft.rotten_flesh":4,"stat.craftItem.minecraft.furnace":2,"stat.useItem.minecraft.egg":2,"stat.craftItem.minecraft.stone_axe":1,"stat.craftItem.minecraft.stone_pickaxe":1,"stat.pickup.minecraft.cobblestone":40,"stat.useItem.minecraft.stone_shovel":1,"stat.craftItem.minecraft.stone_sword":1,"stat.flyOneCm":216938,"stat.timeSinceDeath":44609,"stat.craftItem.minecraft.wooden_pickaxe":1,"stat.furnaceInteraction":35,"stat.useItem.minecraft.cooked_porkchop":10,"stat.killEntity.Creeper":2,"stat.pickup.minecraft.string":5,"stat.pickup.minecraft.furnace":2,"stat.craftItem.minecraft.stone_slab2":0,"stat.sprintOneCm":136831,"stat.craftItem.minecraft.stick":12,"stat.killEntity.mwc_terrorist":1,"stat.mineBlock.minecraft.crafting_table":1,"stat.pickup.minecraft.egg":2,"stat.playOneMinute":44609,"stat.killEntity.Zombie":3,"stat.mineBlock.minecraft.tallgrass":15,"stat.diveOneCm":559,"stat.pickup.minecraft.gravel":2,"stat.craftItem.minecraft.cooked_porkchop":28,"stat.craftItem.minecraft.coal":6,"stat.jump":1022,"stat.fallOneCm":32666,"stat.useItem.minecraft.stone_axe":37,"stat.pickup.minecraft.gunpowder":2,"stat.crouchOneCm":4529,"stat.pickup.minecraft.spider_eye":1,"stat.craftItem.minecraft.torch":12,"stat.pickup.minecraft.dirt":17,"stat.useItem.minecraft.cooked_chicken":2,"stat.craftingTableInteraction":10,"stat.damageTaken":758,"stat.pickup.minecraft.feather":4,"stat.mineBlock.minecraft.furnace":2,"stat.mineBlock.minecraft.torch":1,"stat.useItem.minecraft.wooden_pickaxe":41,"stat.pickup.minecraft.planks":52,"stat.pickup.minecraft.wheat_seeds":3,"stat.mineBlock.minecraft.gravel":2,"stat.useItem.minecraft.stone_pickaxe":2,"stat.useItem.minecraft.stone_sword":143,"stat.damageDealt":5107,"stat.killEntity.Rabbit":1,"stat.mineBlock.minecraft.dirt":13,"stat.killEntity.Pig":21,"stat.craftItem.minecraft.stone_shovel":1,"stat.walkOneCm":106774,"stat.useItem.minecraft.torch":4,"stat.pickup.minecraft.crafting_table":1,"stat.useItem.minecraft.cobblestone":11,"stat.craftItem.minecraft.crafting_table":1,"stat.useItem.minecraft.gravel":1,"stat.pickup.minecraft.log":40,"stat.pickup.minecraft.chicken":4,"stat.pickup.minecraft.sapling":9,"stat.craftItem.minecraft.planks":136,"stat.killEntity.Chicken":4,"stat.killEntity.Spider":3,"stat.pickup.advancedsticks.bough":1,"stat.mobKills":39,"stat.mineBlock.minecraft.log":40,"stat.craftItem.minecraft.cooked_chicken":2,"stat.mineBlock.minecraft.leaves":3,"stat.pickup.minecraft.torch":1,"stat.sneakTime":1479,"stat.pickup.minecraft.rabbit":1,"stat.pickup.minecraft.yellow_flower":1,"stat.mineBlock.minecraft.stone":38}