{"stat.pickup.minecraft.bone":3,"stat.craftItem.minecraft.cooked_rabbit":1,"stat.leaveGame":9,"stat.mineBlock.minecraft.cobblestone":2,"stat.mineBlock.minecraft.yellow_flower":1,"stat.killEntity.vampirism.vampire":2,"stat.swimOneCm":3038,"stat.useItem.minecraft.planks":10,"stat.pickup.minecraft.porkchop":44,"stat.useItem.minecraft.dirt":9,"stat.useItem.minecraft.stone_slab2":13,"stat.pickup.minecraft.rotten_flesh":7,"stat.craftItem.minecraft.furnace":2,"stat.useItem.minecraft.egg":2,"stat.killEntity.Donkey":2,"stat.craftItem.minecraft.stone_axe":1,"stat.craftItem.minecraft.stone_pickaxe":1,"stat.pickup.minecraft.cobblestone":40,"stat.useItem.minecraft.stone_shovel":5,"stat.craftItem.minecraft.stone_sword":1,"stat.flyOneCm":998577,"stat.killEntity.Villager":2,"stat.timeSinceDeath":43377,"stat.useItem.minecraft.spawn_egg":10,"stat.craftItem.minecraft.wooden_pickaxe":1,"stat.killEntity.Bat":5,"stat.pickup.minecraft.double_plant":3,"stat.furnaceInteraction":35,"stat.useItem.minecraft.cooked_porkchop":14,"stat.killEntity.vampirism.vampire_hunter":7,"stat.killEntity.Creeper":6,"stat.pickup.minecraft.string":8,"stat.pickup.minecraft.furnace":2,"stat.craftItem.minecraft.stone_slab2":0,"stat.killEntity.Squid":4,"stat.killEntity.mutantbeasts.mutant_zombie":1,"stat.sprintOneCm":202388,"stat.craftItem.minecraft.stick":12,"stat.killEntity.mwc_terrorist":1,"stat.mineBlock.minecraft.crafting_table":1,"stat.deaths":1,"stat.pickup.minecraft.egg":2,"stat.playOneMinute":111811,"stat.killEntity.Sheep":9,"stat.killEntity.Zombie":6,"stat.mineBlock.minecraft.tallgrass":21,"stat.diveOneCm":5732,"stat.useItem.minecraft.splash_potion":1,"stat.pickup.minecraft.gravel":2,"stat.pickup.minecraft.arrow":1,"stat.craftItem.minecraft.cooked_porkchop":28,"stat.craftItem.minecraft.coal":6,"stat.jump":1479,"stat.fallOneCm":44028,"stat.useItem.minecraft.stone_axe":47,"stat.pickup.minecraft.gunpowder":2,"stat.crouchOneCm":6451,"stat.pickup.minecraft.spider_eye":1,"stat.craftItem.minecraft.torch":12,"stat.pickup.minecraft.dirt":26,"stat.useItem.minecraft.cooked_chicken":2,"stat.craftingTableInteraction":10,"stat.damageTaken":1295,"stat.pickup.minecraft.feather":4,"stat.pickup.minecraft.leather":1,"stat.mineBlock.minecraft.furnace":2,"stat.mineBlock.minecraft.torch":1,"stat.useItem.minecraft.wooden_pickaxe":41,"stat.pickup.minecraft.dye":3,"stat.pickup.minecraft.planks":52,"stat.killEntity.Llama":5,"stat.pickup.minecraft.wheat_seeds":11,"stat.mineBlock.minecraft.gravel":2,"stat.useItem.minecraft.stone_pickaxe":2,"stat.useItem.minecraft.stone_sword":150,"stat.damageDealt":5883,"stat.killEntity.Rabbit":1,"stat.killEntity.Cow":10,"stat.mineBlock.minecraft.dirt":17,"stat.killEntity.Pig":49,"stat.craftItem.minecraft.stone_shovel":1,"stat.walkOneCm":151785,"stat.useItem.minecraft.torch":8,"stat.pickup.minecraft.crafting_table":1,"stat.useItem.minecraft.cobblestone":11,"stat.craftItem.minecraft.crafting_table":1,"stat.useItem.minecraft.gravel":1,"stat.pickup.minecraft.log":40,"stat.pickup.minecraft.stone":1,"stat.pickup.minecraft.chicken":4,"stat.pickup.minecraft.sapling":9,"stat.killEntity.futuremc:salmon":5,"stat.killEntity.Skeleton":4,"stat.pickup.vampirism.holy_salt":1,"stat.craftItem.minecraft.planks":136,"stat.killEntity.Chicken":9,"stat.pickup.futuremc.cornflower":2,"stat.killEntity.Spider":8,"stat.pickup.advancedsticks.bough":1,"stat.mobKills":144,"stat.mineBlock.minecraft.log":40,"stat.craftItem.minecraft.cooked_chicken":2,"stat.mineBlock.minecraft.leaves":3,"stat.pickup.vampirism.human_heart":1,"stat.pickup.minecraft.torch":1,"stat.pickup.minecraft.red_flower":1,"stat.sneakTime":2986,"stat.pickup.minecraft.rabbit":1,"stat.pickup.minecraft.yellow_flower":1,"stat.mineBlock.minecraft.stone":38}