{"stat.craftItem.minecraft.cooked_rabbit":1,"stat.leaveGame":9,"stat.mineBlock.minecraft.cobblestone":2,"stat.mineBlock.minecraft.yellow_flower":1,"stat.killEntity.vampirism.vampire":1,"stat.swimOneCm":2230,"stat.useItem.minecraft.planks":10,"stat.pickup.minecraft.porkchop":34,"stat.useItem.minecraft.dirt":9,"stat.useItem.minecraft.stone_slab2":12,"stat.pickup.minecraft.rotten_flesh":6,"stat.craftItem.minecraft.furnace":2,"stat.useItem.minecraft.egg":2,"stat.craftItem.minecraft.stone_axe":1,"stat.craftItem.minecraft.stone_pickaxe":1,"stat.pickup.minecraft.cobblestone":40,"stat.useItem.minecraft.stone_shovel":5,"stat.craftItem.minecraft.stone_sword":1,"stat.flyOneCm":452940,"stat.timeSinceDeath":67035,"stat.craftItem.minecraft.wooden_pickaxe":1,"stat.furnaceInteraction":35,"stat.useItem.minecraft.cooked_porkchop":14,"stat.killEntity.Creeper":3,"stat.pickup.minecraft.string":8,"stat.pickup.minecraft.furnace":2,"stat.craftItem.minecraft.stone_slab2":0,"stat.sprintOneCm":195847,"stat.craftItem.minecraft.stick":12,"stat.killEntity.mwc_terrorist":1,"stat.mineBlock.minecraft.crafting_table":1,"stat.pickup.minecraft.egg":2,"stat.playOneMinute":67035,"stat.killEntity.Sheep":6,"stat.killEntity.Zombie":5,"stat.mineBlock.minecraft.tallgrass":21,"stat.diveOneCm":559,"stat.useItem.minecraft.splash_potion":1,"stat.pickup.minecraft.gravel":2,"stat.craftItem.minecraft.cooked_porkchop":28,"stat.craftItem.minecraft.coal":6,"stat.jump":1388,"stat.fallOneCm":43244,"stat.useItem.minecraft.stone_axe":47,"stat.pickup.minecraft.gunpowder":2,"stat.crouchOneCm":4541,"stat.pickup.minecraft.spider_eye":1,"stat.craftItem.minecraft.torch":12,"stat.pickup.minecraft.dirt":21,"stat.useItem.minecraft.cooked_chicken":2,"stat.craftingTableInteraction":10,"stat.damageTaken":1125,"stat.pickup.minecraft.feather":4,"stat.mineBlock.minecraft.furnace":2,"stat.mineBlock.minecraft.torch":1,"stat.useItem.minecraft.wooden_pickaxe":41,"stat.pickup.minecraft.planks":52,"stat.killEntity.Llama":5,"stat.pickup.minecraft.wheat_seeds":4,"stat.mineBlock.minecraft.gravel":2,"stat.useItem.minecraft.stone_pickaxe":2,"stat.useItem.minecraft.stone_sword":150,"stat.damageDealt":5873,"stat.killEntity.Rabbit":1,"stat.mineBlock.minecraft.dirt":17,"stat.killEntity.Pig":21,"stat.craftItem.minecraft.stone_shovel":1,"stat.walkOneCm":119404,"stat.useItem.minecraft.torch":8,"stat.pickup.minecraft.crafting_table":1,"stat.useItem.minecraft.cobblestone":11,"stat.craftItem.minecraft.crafting_table":1,"stat.useItem.minecraft.gravel":1,"stat.pickup.minecraft.log":40,"stat.pickup.minecraft.chicken":4,"stat.pickup.minecraft.sapling":9,"stat.craftItem.minecraft.planks":136,"stat.killEntity.Chicken":4,"stat.killEntity.Spider":5,"stat.pickup.advancedsticks.bough":1,"stat.mobKills":55,"stat.mineBlock.minecraft.log":40,"stat.craftItem.minecraft.cooked_chicken":2,"stat.mineBlock.minecraft.leaves":3,"stat.pickup.minecraft.torch":1,"stat.sneakTime":1801,"stat.pickup.minecraft.rabbit":1,"stat.pickup.minecraft.yellow_flower":1,"stat.mineBlock.minecraft.stone":38}