{"stat.useItem.minecraft.bow":6,"stat.leaveGame":12,"stat.pickup.mwc.sulfur_dust":48,"stat.killEntity.vampirism.vampire":9,"stat.useItem.minecraft.mutton":6,"stat.useItem.minecraft.planks":2,"stat.craftItem.minecraft.shield":1,"stat.pickup.minecraft.porkchop":42,"stat.drop.minecraft.iron_sword":1,"stat.pickup.minecraft.rotten_flesh":14,"stat.pickup.minecraft.sand":4,"stat.craftItem.minecraft.stone_axe":1,"stat.pickup.iceandfire.troll_leather_forest":1,"stat.killEntity.Enderman":1,"stat.craftItem.minecraft.cobblestone_wall":6,"stat.craftItem.minecraft.stone_sword":3,"stat.craftItem.minecraft.iron_shovel":1,"stat.entityKilledBy.firedragon":1,"stat.mineBlock.minecraft.sand":4,"stat.pickup.iceandfire.ash":1,"stat.killEntity.Witch":1,"stat.useItem.minecraft.iron_pickaxe":980,"stat.craftItem.minecraft.wooden_pickaxe":3,"stat.useItem.minecraft.iron_shovel":242,"stat.drop.minecraft.cooked_mutton":1,"stat.pickup.minecraft.double_plant":2,"stat.craftItem.minecraft.birch_door":3,"stat.craftItem.minecraft.bed":2,"stat.furnaceInteraction":112,"stat.entityKilledBy.if_troll":1,"stat.craftItem.ic2.te":1,"stat.killEntity.ZombieVillager":1,"stat.mineBlock.futuremc.cornflower":2,"stat.craftItem.minecraft.leather_helmet":3,"stat.mineBlock.mwc.lead_ore":21,"stat.pickup.minecraft.beef":79,"stat.pickup.minecraft.furnace":1,"stat.useItem.minecraft.cooked_mutton":21,"stat.pickup.iceandfire.troll_tusk":1,"stat.pickup.minecraft.iron_chestplate":1,"stat.mineBlock.mwc.tin_ore":21,"stat.killEntity.mwc_terrorist":7,"stat.mineBlock.minecraft.fence":1,"stat.useItem.minecraft.beef":5,"stat.deaths":8,"stat.pickup.minecraft.egg":21,"stat.playOneMinute":330892,"stat.craftItem.minecraft.iron_pickaxe":4,"stat.craftItem.mcheli.87rcv":1,"stat.craftItem.mcheli.fuel":3,"stat.mineBlock.minecraft.tallgrass":148,"stat.craftItem.minecraft.cooked_mutton":21,"stat.pickup.minecraft.cooked_mutton":1,"stat.chestOpened":43,"stat.mineBlock.mwc.sulfur_ore":15,"stat.useItem.minecraft.stone":1,"stat.pickup.minecraft.arrow":11,"stat.pickup.minecraft.iron_sword":1,"stat.craftItem.minecraft.coal":6,"stat.pickup.minecraft.cooked_chicken":2,"stat.fallOneCm":213511,"stat.crouchOneCm":27393,"stat.craftItem.minecraft.iron_ingot":103,"stat.craftingTableInteraction":101,"stat.mineBlock.ic2.resource":28,"stat.pickup.minecraft.feather":33,"stat.craftItem.minecraft.wooden_button":1,"stat.pickup.minecraft.planks":21,"stat.pickup.minecraft.iron_leggings":1,"stat.pickup.minecraft.wheat_seeds":40,"stat.mineBlock.minecraft.gravel":26,"stat.useItem.minecraft.stone_pickaxe":252,"stat.useItem.minecraft.stone_sword":243,"stat.mineBlock.minecraft.dirt":382,"stat.useItem.minecraft.torch":187,"stat.pickup.mwc.m16a1":1,"stat.mineBlock.iceandfire.silver_ore":2,"stat.useItem.minecraft.log":1,"stat.pickup.minecraft.crafting_table":2,"stat.useItem.minecraft.cobblestone":347,"stat.craftItem.minecraft.crafting_table":23,"stat.useItem.minecraft.gravel":3,"stat.mineBlock.minecraft.double_plant":10,"stat.pickup.minecraft.log":109,"stat.pickup.mwc.lead_ore":21,"stat.craftItem.usefulbackpacks.backpack":1,"stat.pickup.minecraft.chicken":30,"stat.killEntity.vampirism.advanced_vampire":1,"stat.pickup.minecraft.sapling":9,"stat.pickup.minecraft.wooden_door":1,"stat.pickup.minecraft.apple":2,"stat.pickup.iceandfire.armor_gray_boots":1,"stat.useItem.minecraft.birch_door":2,"stat.pickup.mwc.m4a1":2,"stat.craftItem.minecraft.planks":380,"stat.useItem.minecraft.iron_sword":382,"stat.pickup.futuremc.cornflower":2,"stat.pickup.minecraft.book":1,"stat.mineBlock.minecraft.log":107,"stat.craftItem.minecraft.wooden_door":6,"stat.craftItem.minecraft.cooked_chicken":24,"stat.useItem.minecraft.wooden_door":4,"stat.pickup.minecraft.red_flower":4,"stat.sneakTime":9618,"stat.pickup.minecraft.wool":17,"stat.pickup.minecraft.stone_slab":2,"stat.pickup.minecraft.yellow_flower":1,"stat.craftItem.mcheli.m151":2,"stat.pickup.minecraft.bone":15,"stat.useItem.minecraft.iron_axe":12,"stat.mineBlock.minecraft.cobblestone":97,"stat.pickup.mwc.m4a1mag_2":1,"stat.pickup.minecraft.flint":1,"stat.mineBlock.minecraft.yellow_flower":4,"stat.swimOneCm":30210,"stat.climbOneCm":1142,"stat.entityKilledBy.mwc_terrorist":1,"stat.useItem.minecraft.dirt":236,"stat.useItem.minecraft.stone_slab2":85,"stat.pickup.minecraft.bow":3,"stat.pickup.minecraft.iron_boots":1,"stat.craftItem.minecraft.furnace":10,"stat.mineBlock.mwc.graphite_ore":5,"stat.useItem.minecraft.egg":15,"stat.craftItem.minecraft.stone_pickaxe":2,"stat.craftItem.minecraft.cooked_beef":24,"stat.pickup.minecraft.cobblestone":763,"stat.craftItem.minecraft.bow":1,"stat.useItem.minecraft.stone_shovel":125,"stat.flyOneCm":1570285,"stat.useItem.iceandfire.chared_stone":1,"stat.useItem.minecraft.cooked_beef":21,"stat.pickup.minecraft.redstone":14,"stat.mineBlock.minecraft.iron_ore":144,"stat.timeSinceDeath":14125,"stat.craftItem.mcheli.m151a2":2,"stat.drop.minecraft.spider_eye":1,"stat.pickup.minecraft.mutton":27,"stat.craftItem.minecraft.iron_block":3,"stat.killEntity.Bat":2,"stat.pickup.mwc.tin_ore":21,"stat.useItem.minecraft.potato":14,"stat.pickup.mwc.copper_ore":15,"stat.useItem.minecraft.cooked_porkchop":13,"stat.mineBlock.minecraft.coal_ore":180,"stat.pickup.minecraft.shield":2,"stat.killEntity.Creeper":5,"stat.pickup.minecraft.string":10,"stat.mineBlock.minecraft.ladder":3,"stat.craftItem.minecraft.stone_slab2":0,"stat.sprintOneCm":802628,"stat.pickup.vampirism.vampire_blood_bottle":1,"stat.mineBlock.minecraft.stone_slab":2,"stat.craftItem.minecraft.stick":100,"stat.pickup.ic2.resource":28,"stat.useItem.minecraft.stone_slab":17,"stat.mineBlock.minecraft.crafting_table":1,"stat.mineBlock.minecraft.planks":6,"stat.drop":3,"stat.mineBlock.mwc.copper_ore":15,"stat.craftItem.minecraft.leather_chestplate":1,"stat.killEntity.Sheep":17,"stat.useItem.minecraft.ladder":7,"stat.killEntity.Zombie":18,"stat.craftItem.minecraft.dye":2,"stat.pickup.iceandfire.chared_dirt":1,"stat.pickup.iceandfire.troll_weapon.trunk":1,"stat.diveOneCm":62114,"stat.pickup.minecraft.wheat":1,"stat.craftItem.minecraft.ladder":6,"stat.pickup.minecraft.gravel":25,"stat.craftItem.minecraft.cooked_porkchop":13,"stat.pickup.minecraft.stone_axe":1,"stat.useItem.minecraft.apple":1,"stat.useItem.minecraft.porkchop":1,"stat.jump":7570,"stat.pickup.minecraft.fence":2,"stat.pickup.minecraft.coal":179,"stat.pickup.minecraft.iron_helmet":2,"stat.useItem.minecraft.stone_axe":117,"stat.pickup.minecraft.gunpowder":13,"stat.pickup.iceandfire.chared_stone":2,"stat.pickup.minecraft.spider_eye":3,"stat.craftItem.minecraft.torch":188,"stat.pickup.minecraft.dirt":448,"stat.pickup.vampirism.vampire_fang":4,"stat.pickup.mwc.remington870":1,"stat.useItem.minecraft.cooked_chicken":26,"stat.pickup.minecraft.iron_ore":140,"stat.mineBlock.minecraft.glass_pane":1,"stat.pickup.minecraft.leather":41,"stat.damageTaken":6738,"stat.mineBlock.minecraft.furnace":1,"stat.mineBlock.minecraft.torch":17,"stat.mineBlock.minecraft.red_flower":3,"stat.useItem.minecraft.wooden_pickaxe":83,"stat.pickup.minecraft.bed":2,"stat.pickup.minecraft.potato":20,"stat.pickup.minecraft.oak_stairs":1,"stat.pickup.mwc.graphite_chunk":7,"stat.damageDealt":23981,"stat.pickup.iceandfire.chared_grass":1,"stat.craftItem.minecraft.glass":4,"stat.sleepInBed":6,"stat.killEntity.Cow":39,"stat.killEntity.Pig":20,"stat.craftItem.minecraft.iron_sword":2,"stat.craftItem.minecraft.stone_slab":18,"stat.craftItem.minecraft.stone_shovel":1,"stat.walkOneCm":652923,"stat.pickup.minecraft.stick":2,"stat.craftItem.mcheli.flak18":1,"stat.pickup.iceandfire.armor_gray_chestplate":1,"stat.pickup.minecraft.stone":93,"stat.pickup.minecraft.ladder":3,"stat.pickup.minecraft.cooked_beef":9,"stat.killEntity.Skeleton":13,"stat.pickup.mwc.mg42":1,"stat.killEntity.Chicken":30,"stat.killEntity.Spider":14,"stat.pickup.mcheli.flak18":2,"stat.mobKills":186,"stat.mineBlock.minecraft.leaves":20,"stat.pickup.minecraft.beetroot_seeds":2,"stat.pickup.minecraft.torch":21,"stat.mineBlock.minecraft.redstone_ore":3,"stat.mineBlock.minecraft.stone":754}