{"stat.useItem.minecraft.bow":4,"stat.pickup.minecraft.bone":9,"stat.leaveGame":7,"stat.mineBlock.minecraft.cobblestone":48,"stat.mineBlock.minecraft.yellow_flower":2,"stat.killEntity.vampirism.vampire":4,"stat.swimOneCm":12156,"stat.climbOneCm":853,"stat.entityKilledBy.mwc_terrorist":1,"stat.pickup.minecraft.porkchop":11,"stat.useItem.minecraft.dirt":52,"stat.useItem.minecraft.stone_slab2":28,"stat.pickup.minecraft.bow":2,"stat.pickup.minecraft.rotten_flesh":10,"stat.craftItem.minecraft.furnace":4,"stat.useItem.minecraft.egg":9,"stat.craftItem.minecraft.stone_axe":1,"stat.craftItem.minecraft.stone_pickaxe":2,"stat.pickup.minecraft.cobblestone":240,"stat.useItem.minecraft.stone_shovel":66,"stat.craftItem.minecraft.stone_sword":2,"stat.flyOneCm":556822,"stat.useItem.iceandfire.chared_stone":1,"stat.mineBlock.minecraft.iron_ore":41,"stat.timeSinceDeath":8614,"stat.craftItem.minecraft.wooden_pickaxe":2,"stat.pickup.minecraft.mutton":23,"stat.pickup.minecraft.double_plant":2,"stat.craftItem.minecraft.bed":1,"stat.furnaceInteraction":35,"stat.useItem.minecraft.cooked_porkchop":8,"stat.killEntity.ZombieVillager":1,"stat.mineBlock.minecraft.coal_ore":27,"stat.mineBlock.futuremc.cornflower":1,"stat.pickup.minecraft.shield":1,"stat.pickup.minecraft.string":4,"stat.pickup.minecraft.beef":19,"stat.pickup.minecraft.furnace":1,"stat.useItem.minecraft.cooked_mutton":4,"stat.craftItem.minecraft.stone_slab2":0,"stat.sprintOneCm":272213,"stat.pickup.minecraft.iron_chestplate":1,"stat.craftItem.minecraft.stick":28,"stat.pickup.ic2.resource":1,"stat.killEntity.mwc_terrorist":2,"stat.mineBlock.minecraft.fence":1,"stat.mineBlock.minecraft.planks":3,"stat.deaths":4,"stat.pickup.minecraft.egg":14,"stat.playOneMinute":108958,"stat.craftItem.minecraft.leather_chestplate":1,"stat.killEntity.Sheep":14,"stat.killEntity.Zombie":6,"stat.pickup.iceandfire.chared_dirt":1,"stat.mineBlock.minecraft.tallgrass":61,"stat.craftItem.minecraft.cooked_mutton":10,"stat.diveOneCm":22694,"stat.pickup.minecraft.wheat":1,"stat.chestOpened":4,"stat.pickup.minecraft.arrow":6,"stat.craftItem.minecraft.cooked_porkchop":8,"stat.jump":2410,"stat.pickup.minecraft.fence":2,"stat.pickup.minecraft.cooked_chicken":2,"stat.pickup.minecraft.coal":27,"stat.pickup.minecraft.iron_helmet":1,"stat.fallOneCm":64626,"stat.useItem.minecraft.stone_axe":63,"stat.crouchOneCm":6022,"stat.pickup.iceandfire.chared_stone":2,"stat.pickup.minecraft.spider_eye":1,"stat.craftItem.minecraft.torch":48,"stat.craftItem.minecraft.iron_ingot":5,"stat.pickup.minecraft.dirt":118,"stat.pickup.vampirism.vampire_fang":3,"stat.useItem.minecraft.cooked_chicken":26,"stat.craftingTableInteraction":43,"stat.pickup.minecraft.iron_ore":38,"stat.mineBlock.ic2.resource":1,"stat.pickup.minecraft.leather":11,"stat.pickup.minecraft.feather":33,"stat.damageTaken":2867,"stat.mineBlock.minecraft.furnace":1,"stat.mineBlock.minecraft.torch":4,"stat.useItem.minecraft.wooden_pickaxe":67,"stat.pickup.minecraft.planks":6,"stat.pickup.minecraft.iron_leggings":1,"stat.pickup.minecraft.bed":1,"stat.pickup.minecraft.wheat_seeds":23,"stat.pickup.minecraft.potato":1,"stat.pickup.minecraft.oak_stairs":1,"stat.useItem.minecraft.stone_pickaxe":252,"stat.useItem.minecraft.stone_sword":208,"stat.damageDealt":9772,"stat.pickup.iceandfire.chared_grass":1,"stat.sleepInBed":2,"stat.killEntity.Cow":9,"stat.mineBlock.minecraft.dirt":91,"stat.killEntity.Pig":6,"stat.craftItem.minecraft.iron_sword":1,"stat.craftItem.minecraft.stone_shovel":1,"stat.walkOneCm":260983,"stat.useItem.minecraft.torch":37,"stat.useItem.minecraft.log":1,"stat.useItem.minecraft.cobblestone":90,"stat.craftItem.minecraft.crafting_table":9,"stat.mineBlock.minecraft.double_plant":4,"stat.pickup.minecraft.log":59,"stat.pickup.minecraft.stone":14,"stat.pickup.minecraft.chicken":30,"stat.pickup.minecraft.wooden_door":1,"stat.pickup.minecraft.apple":1,"stat.killEntity.Skeleton":6,"stat.pickup.mwc.m4a1":1,"stat.craftItem.minecraft.planks":144,"stat.useItem.minecraft.iron_sword":81,"stat.killEntity.Chicken":30,"stat.pickup.futuremc.cornflower":1,"stat.killEntity.Spider":5,"stat.mobKills":86,"stat.pickup.minecraft.book":1,"stat.mineBlock.minecraft.log":60,"stat.craftItem.minecraft.wooden_door":3,"stat.craftItem.minecraft.cooked_chicken":24,"stat.useItem.minecraft.wooden_door":2,"stat.mineBlock.minecraft.leaves":5,"stat.pickup.minecraft.beetroot_seeds":2,"stat.pickup.minecraft.torch":9,"stat.sneakTime":2476,"stat.pickup.minecraft.wool":15,"stat.mineBlock.minecraft.stone":199}