{"stat.useItem.minecraft.bow":4,"stat.leaveGame":9,"stat.pickup.mwc.sulfur_dust":48,"stat.killEntity.vampirism.vampire":6,"stat.useItem.minecraft.mutton":6,"stat.useItem.minecraft.planks":1,"stat.craftItem.minecraft.shield":1,"stat.pickup.minecraft.porkchop":14,"stat.drop.minecraft.iron_sword":1,"stat.pickup.minecraft.rotten_flesh":12,"stat.pickup.minecraft.sand":4,"stat.craftItem.minecraft.stone_axe":1,"stat.killEntity.Enderman":1,"stat.craftItem.minecraft.stone_sword":2,"stat.craftItem.minecraft.iron_shovel":1,"stat.mineBlock.minecraft.sand":4,"stat.useItem.minecraft.iron_pickaxe":692,"stat.craftItem.minecraft.wooden_pickaxe":2,"stat.useItem.minecraft.iron_shovel":32,"stat.drop.minecraft.cooked_mutton":1,"stat.pickup.minecraft.double_plant":2,"stat.craftItem.minecraft.bed":1,"stat.furnaceInteraction":64,"stat.craftItem.ic2.te":1,"stat.killEntity.ZombieVillager":1,"stat.mineBlock.futuremc.cornflower":1,"stat.mineBlock.mwc.lead_ore":21,"stat.pickup.minecraft.beef":19,"stat.pickup.minecraft.furnace":1,"stat.useItem.minecraft.cooked_mutton":17,"stat.pickup.minecraft.iron_chestplate":1,"stat.mineBlock.mwc.tin_ore":21,"stat.killEntity.mwc_terrorist":3,"stat.mineBlock.minecraft.fence":1,"stat.deaths":4,"stat.pickup.minecraft.egg":20,"stat.playOneMinute":207009,"stat.craftItem.minecraft.iron_pickaxe":3,"stat.craftItem.mcheli.fuel":1,"stat.mineBlock.minecraft.tallgrass":67,"stat.craftItem.minecraft.cooked_mutton":21,"stat.pickup.minecraft.cooked_mutton":1,"stat.chestOpened":5,"stat.mineBlock.mwc.sulfur_ore":15,"stat.pickup.minecraft.arrow":10,"stat.pickup.minecraft.iron_sword":1,"stat.pickup.minecraft.cooked_chicken":2,"stat.fallOneCm":116928,"stat.crouchOneCm":12536,"stat.craftItem.minecraft.iron_ingot":66,"stat.craftingTableInteraction":71,"stat.mineBlock.ic2.resource":28,"stat.pickup.minecraft.feather":33,"stat.pickup.minecraft.planks":20,"stat.pickup.minecraft.iron_leggings":1,"stat.pickup.minecraft.wheat_seeds":33,"stat.mineBlock.minecraft.gravel":22,"stat.useItem.minecraft.stone_pickaxe":252,"stat.useItem.minecraft.stone_sword":229,"stat.mineBlock.minecraft.dirt":162,"stat.useItem.minecraft.torch":159,"stat.pickup.mwc.m16a1":1,"stat.mineBlock.iceandfire.silver_ore":2,"stat.useItem.minecraft.log":1,"stat.pickup.minecraft.crafting_table":2,"stat.useItem.minecraft.cobblestone":113,"stat.craftItem.minecraft.crafting_table":14,"stat.mineBlock.minecraft.double_plant":4,"stat.pickup.minecraft.log":85,"stat.pickup.mwc.lead_ore":21,"stat.pickup.minecraft.chicken":30,"stat.pickup.minecraft.sapling":2,"stat.pickup.minecraft.wooden_door":1,"stat.pickup.minecraft.apple":1,"stat.pickup.mwc.m4a1":1,"stat.craftItem.minecraft.planks":244,"stat.useItem.minecraft.iron_sword":176,"stat.pickup.futuremc.cornflower":1,"stat.pickup.minecraft.book":1,"stat.mineBlock.minecraft.log":85,"stat.craftItem.minecraft.wooden_door":6,"stat.craftItem.minecraft.cooked_chicken":24,"stat.useItem.minecraft.wooden_door":4,"stat.pickup.minecraft.red_flower":1,"stat.sneakTime":5585,"stat.pickup.minecraft.wool":17,"stat.craftItem.mcheli.m151":1,"stat.pickup.minecraft.bone":10,"stat.mineBlock.minecraft.cobblestone":62,"stat.pickup.minecraft.flint":1,"stat.mineBlock.minecraft.yellow_flower":2,"stat.swimOneCm":23551,"stat.climbOneCm":946,"stat.entityKilledBy.mwc_terrorist":1,"stat.useItem.minecraft.dirt":60,"stat.useItem.minecraft.stone_slab2":54,"stat.pickup.minecraft.bow":2,"stat.pickup.minecraft.iron_boots":1,"stat.craftItem.minecraft.furnace":7,"stat.mineBlock.mwc.graphite_ore":5,"stat.useItem.minecraft.egg":15,"stat.craftItem.minecraft.stone_pickaxe":2,"stat.pickup.minecraft.cobblestone":568,"stat.craftItem.minecraft.bow":1,"stat.useItem.minecraft.stone_shovel":125,"stat.flyOneCm":929132,"stat.useItem.iceandfire.chared_stone":1,"stat.pickup.minecraft.redstone":14,"stat.mineBlock.minecraft.iron_ore":134,"stat.timeSinceDeath":106665,"stat.craftItem.mcheli.m151a2":1,"stat.pickup.minecraft.mutton":27,"stat.killEntity.Bat":2,"stat.pickup.mwc.tin_ore":21,"stat.pickup.mwc.copper_ore":13,"stat.useItem.minecraft.cooked_porkchop":11,"stat.mineBlock.minecraft.coal_ore":127,"stat.pickup.minecraft.shield":2,"stat.killEntity.Creeper":2,"stat.pickup.minecraft.string":4,"stat.craftItem.minecraft.stone_slab2":0,"stat.sprintOneCm":493214,"stat.craftItem.minecraft.stick":76,"stat.pickup.ic2.resource":28,"stat.mineBlock.minecraft.crafting_table":1,"stat.mineBlock.minecraft.planks":5,"stat.drop":2,"stat.mineBlock.mwc.copper_ore":13,"stat.craftItem.minecraft.leather_chestplate":1,"stat.killEntity.Sheep":17,"stat.killEntity.Zombie":11,"stat.pickup.iceandfire.chared_dirt":1,"stat.diveOneCm":47887,"stat.pickup.minecraft.wheat":1,"stat.pickup.minecraft.gravel":21,"stat.craftItem.minecraft.cooked_porkchop":11,"stat.pickup.minecraft.stone_axe":1,"stat.useItem.minecraft.apple":1,"stat.jump":4204,"stat.pickup.minecraft.fence":2,"stat.pickup.minecraft.coal":127,"stat.pickup.minecraft.iron_helmet":2,"stat.useItem.minecraft.stone_axe":95,"stat.pickup.minecraft.gunpowder":11,"stat.pickup.iceandfire.chared_stone":2,"stat.pickup.minecraft.spider_eye":1,"stat.craftItem.minecraft.torch":152,"stat.pickup.minecraft.dirt":192,"stat.pickup.vampirism.vampire_fang":3,"stat.useItem.minecraft.cooked_chicken":26,"stat.pickup.minecraft.iron_ore":130,"stat.mineBlock.minecraft.glass_pane":1,"stat.pickup.minecraft.leather":11,"stat.damageTaken":3808,"stat.mineBlock.minecraft.furnace":1,"stat.mineBlock.minecraft.torch":11,"stat.useItem.minecraft.wooden_pickaxe":67,"stat.pickup.minecraft.bed":2,"stat.pickup.minecraft.potato":1,"stat.pickup.minecraft.oak_stairs":1,"stat.pickup.mwc.graphite_chunk":7,"stat.damageDealt":15036,"stat.pickup.iceandfire.chared_grass":1,"stat.craftItem.minecraft.glass":4,"stat.sleepInBed":4,"stat.killEntity.Cow":10,"stat.killEntity.Pig":7,"stat.craftItem.minecraft.iron_sword":1,"stat.craftItem.minecraft.stone_shovel":1,"stat.walkOneCm":415367,"stat.pickup.minecraft.stick":2,"stat.pickup.minecraft.stone":72,"stat.killEntity.Skeleton":11,"stat.killEntity.Chicken":30,"stat.killEntity.Spider":7,"stat.mobKills":113,"stat.mineBlock.minecraft.leaves":8,"stat.pickup.minecraft.beetroot_seeds":2,"stat.pickup.minecraft.torch":15,"stat.mineBlock.minecraft.redstone_ore":3,"stat.mineBlock.minecraft.stone":568}