{"stat.useItem.minecraft.bow":6,"stat.pickup.iceandfire.fire_dragon_flesh":7,"stat.mineBlock.iceandfire.chared_grass":1,"stat.leaveGame":26,"stat.pickup.mwc.sulfur_dust":117,"stat.pickup.iceandfire.armor_red_helmet":1,"stat.craftItem.minecraft.iron_axe":1,"stat.killEntity.vampirism.vampire":15,"stat.useItem.minecraft.mutton":6,"stat.useItem.minecraft.planks":2,"stat.craftItem.minecraft.shield":1,"stat.pickup.minecraft.porkchop":51,"stat.drop.minecraft.iron_sword":1,"stat.pickup.minecraft.rotten_flesh":33,"stat.pickup.minecraft.sand":12,"stat.useItem.futuremc.cornflower":1,"stat.entityKilledBy.Spider":1,"stat.craftItem.minecraft.stone_axe":1,"stat.pickup.iceandfire.troll_leather_forest":1,"stat.pickup.iceandfire.armor_red_chestplate":1,"stat.pickup.advancedsticks.shrub_seeds":1,"stat.killEntity.Enderman":2,"stat.craftItem.minecraft.cobblestone_wall":6,"stat.craftItem.minecraft.stone_sword":3,"stat.craftItem.minecraft.iron_shovel":3,"stat.entityKilledBy.firedragon":7,"stat.mineBlock.minecraft.sand":11,"stat.pickup.iceandfire.ash":1,"stat.killEntity.Witch":1,"stat.pickup.iceandfire.armor_red_boots":1,"stat.useItem.minecraft.iron_pickaxe":2939,"stat.craftItem.minecraft.wooden_pickaxe":3,"stat.useItem.minecraft.iron_shovel":655,"stat.drop.minecraft.cooked_mutton":1,"stat.pickup.minecraft.double_plant":5,"stat.craftItem.minecraft.birch_door":6,"stat.craftItem.minecraft.bed":2,"stat.craftItem.mwc.steel_ingot":6,"stat.furnaceInteraction":269,"stat.entityKilledBy.if_troll":1,"stat.craftItem.ic2.te":1,"stat.killEntity.ZombieVillager":1,"stat.mineBlock.futuremc.cornflower":4,"stat.craftItem.minecraft.leather_helmet":4,"stat.mineBlock.mwc.lead_ore":68,"stat.pickup.minecraft.beef":108,"stat.pickup.minecraft.furnace":6,"stat.useItem.minecraft.cooked_mutton":21,"stat.pickup.iceandfire.troll_tusk":1,"stat.pickup.minecraft.iron_chestplate":1,"stat.useItem.minecraft.stone_stairs":12,"stat.mineBlock.mwc.tin_ore":36,"stat.entityKilledBy.mutantbeasts.mutant_skeleton":1,"stat.killEntity.mwc_terrorist":17,"stat.pickup.minecraft.stone_stairs":2,"stat.pickup.futuremc.lily_of_the_valley":1,"stat.mineBlock.minecraft.fence":1,"stat.craftItem.mwc.steel_dust":6,"stat.useItem.minecraft.beef":6,"stat.deaths":27,"stat.craftItem.futuremc.blast_furnace":3,"stat.pickup.minecraft.egg":24,"stat.playOneMinute":873625,"stat.craftItem.minecraft.iron_pickaxe":13,"stat.craftItem.mcheli.87rcv":1,"stat.craftItem.mwc.synthetic_plastic":16,"stat.craftItem.mcheli.fuel":3,"stat.mineBlock.minecraft.tallgrass":287,"stat.craftItem.minecraft.cooked_mutton":27,"stat.pickup.minecraft.cooked_mutton":1,"stat.chestOpened":780,"stat.mineBlock.mwc.sulfur_ore":36,"stat.useItem.minecraft.stone":42,"stat.pickup.minecraft.arrow":53,"stat.pickup.minecraft.iron_sword":1,"stat.craftItem.minecraft.coal":6,"stat.drop.minecraft.iron_pickaxe":1,"stat.pickup.minecraft.cooked_chicken":2,"stat.fallOneCm":549150,"stat.craftItem.mcheli.flak18shield":1,"stat.crouchOneCm":106485,"stat.pickup.iceandfire.pixie_dust":3,"stat.mineBlock.minecraft.chest":1,"stat.craftItem.minecraft.iron_ingot":324,"stat.craftItem.minecraft.chest":3,"stat.craftingTableInteraction":193,"stat.mineBlock.ic2.resource":57,"stat.pickup.minecraft.feather":34,"stat.craftItem.minecraft.wooden_button":1,"stat.useItem.minecraft.furnace":5,"stat.pickup.minecraft.planks":84,"stat.pickup.minecraft.iron_leggings":1,"stat.pickup.minecraft.wheat_seeds":58,"stat.mineBlock.minecraft.gravel":53,"stat.useItem.minecraft.stone_pickaxe":252,"stat.useItem.minecraft.stone_sword":243,"stat.craftItem.minecraft.iron_leggings":1,"stat.mineBlock.minecraft.dirt":811,"stat.useItem.minecraft.torch":396,"stat.pickup.mwc.m16a1":4,"stat.mineBlock.iceandfire.silver_ore":2,"stat.drop.minecraft.rotten_flesh":2,"stat.craftItem.minecraft.stone_stairs":16,"stat.useItem.minecraft.log":2,"stat.pickup.minecraft.crafting_table":3,"stat.useItem.minecraft.cobblestone":1108,"stat.craftItem.minecraft.crafting_table":37,"stat.useItem.minecraft.gravel":3,"stat.mineBlock.minecraft.double_plant":15,"stat.pickup.minecraft.log":277,"stat.pickup.mwc.lead_ore":66,"stat.pickup.minecraft.iron_pickaxe":1,"stat.craftItem.usefulbackpacks.backpack":1,"stat.pickup.minecraft.chicken":32,"stat.killEntity.vampirism.advanced_vampire":2,"stat.pickup.minecraft.sapling":21,"stat.pickup.minecraft.wooden_door":1,"stat.pickup.minecraft.apple":3,"stat.pickup.iceandfire.armor_gray_boots":1,"stat.useItem.minecraft.birch_door":3,"stat.pickup.mwc.m4a1":4,"stat.craftItem.minecraft.planks":1044,"stat.useItem.minecraft.iron_sword":1332,"stat.pickup.futuremc.cornflower":6,"stat.pickup.advancedsticks.bough":4,"stat.pickup.minecraft.book":1,"stat.mineBlock.minecraft.log":274,"stat.craftItem.minecraft.wooden_door":9,"stat.craftItem.minecraft.cooked_chicken":24,"stat.useItem.minecraft.wooden_door":6,"stat.pickup.iceandfire.dragonbone":4,"stat.pickup.vampirism.human_heart":28,"stat.craftItem.minecraft.paper":3,"stat.pickup.minecraft.red_flower":5,"stat.sneakTime":30669,"stat.pickup.minecraft.wool":22,"stat.pickup.minecraft.stone_slab":32,"stat.pickup.minecraft.yellow_flower":4,"stat.pickup.minecraft.chest":1,"stat.craftItem.mcheli.m151":2,"stat.pickup.minecraft.bone":36,"stat.useItem.minecraft.iron_axe":231,"stat.mineBlock.minecraft.cobblestone":198,"stat.pickup.mwc.m4a1mag_2":1,"stat.pickup.minecraft.flint":5,"stat.mineBlock.minecraft.yellow_flower":7,"stat.pickup.mcheli.flak18shield":2,"stat.swimOneCm":90239,"stat.climbOneCm":10049,"stat.entityKilledBy.mwc_terrorist":1,"stat.useItem.minecraft.dirt":343,"stat.useItem.minecraft.stone_slab2":154,"stat.pickup.minecraft.bow":5,"stat.pickup.minecraft.iron_boots":1,"stat.craftItem.minecraft.furnace":21,"stat.entityKilledBy.vampirism.vampire_hunter":1,"stat.mineBlock.mwc.graphite_ore":44,"stat.useItem.minecraft.egg":16,"stat.craftItem.futuremc.smooth_stone":22,"stat.craftItem.minecraft.stone_pickaxe":2,"stat.craftItem.minecraft.cooked_beef":24,"stat.pickup.minecraft.cobblestone":1690,"stat.craftItem.minecraft.bow":7,"stat.useItem.minecraft.stone_shovel":125,"stat.flyOneCm":3975883,"stat.craftItem.minecraft.glass_bottle":6,"stat.useItem.iceandfire.chared_stone":1,"stat.useItem.minecraft.cooked_beef":27,"stat.pickup.minecraft.redstone":238,"stat.craftItem.minecraft.dispenser":6,"stat.mineBlock.minecraft.iron_ore":360,"stat.craftItem.minecraft.book":1,"stat.timeSinceDeath":36174,"stat.craftItem.mcheli.m151a2":2,"stat.drop.minecraft.spider_eye":1,"stat.pickup.minecraft.mutton":33,"stat.craftItem.minecraft.iron_block":15,"stat.killEntity.Bat":2,"stat.pickup.mwc.tin_ore":36,"stat.craftItem.minecraft.stonebrick":4,"stat.useItem.minecraft.potato":14,"stat.pickup.mwc.copper_ore":100,"stat.useItem.minecraft.cooked_porkchop":13,"stat.killEntity.vampirism.vampire_hunter":85,"stat.mineBlock.minecraft.coal_ore":406,"stat.pickup.minecraft.shield":2,"stat.killEntity.Creeper":20,"stat.useItem.minecraft.armor_stand":1,"stat.pickup.minecraft.string":20,"stat.mineBlock.minecraft.ladder":3,"stat.craftItem.minecraft.stone_slab2":0,"stat.sprintOneCm":2280513,"stat.pickup.vampirism.vampire_blood_bottle":2,"stat.mineBlock.minecraft.stone_slab":37,"stat.craftItem.minecraft.stick":236,"stat.pickup.ic2.resource":57,"stat.useItem.minecraft.stone_slab":91,"stat.craftItem.minecraft.stone":23,"stat.mineBlock.minecraft.diamond_ore":3,"stat.craftItem.minecraft.armor_stand":2,"stat.pickup.minecraft.grass":6,"stat.mineBlock.minecraft.crafting_table":2,"stat.entityKilledBy.Creeper":1,"stat.mineBlock.minecraft.planks":6,"stat.drop":7,"stat.mineBlock.mwc.copper_ore":100,"stat.craftItem.minecraft.leather_chestplate":1,"stat.killEntity.Sheep":21,"stat.useItem.minecraft.ladder":13,"stat.pickup.mcheli.oerlikon_20mm":6,"stat.killEntity.Zombie":33,"stat.craftItem.minecraft.dye":2,"stat.pickup.iceandfire.chared_dirt":5,"stat.pickup.iceandfire.troll_weapon.trunk":1,"stat.craftItem.mcheli.oerlikon_20mm":1,"stat.mineBlock.minecraft.gold_ore":19,"stat.diveOneCm":185376,"stat.pickup.minecraft.wheat":2,"stat.craftItem.minecraft.ladder":15,"stat.pickup.minecraft.gravel":48,"stat.craftItem.minecraft.cooked_porkchop":13,"stat.pickup.minecraft.stone_axe":1,"stat.useItem.minecraft.apple":1,"stat.useItem.minecraft.porkchop":1,"stat.jump":17735,"stat.pickup.minecraft.fence":2,"stat.pickup.minecraft.coal":404,"stat.pickup.minecraft.iron_helmet":2,"stat.useItem.minecraft.stone_axe":117,"stat.pickup.minecraft.gunpowder":40,"stat.pickup.iceandfire.chared_stone":4,"stat.pickup.minecraft.spider_eye":6,"stat.craftItem.minecraft.torch":360,"stat.pickup.minecraft.dirt":870,"stat.craftItem.minecraft.iron_helmet":1,"stat.pickup.vampirism.vampire_fang":5,"stat.pickup.mwc.remington870":3,"stat.useItem.minecraft.cooked_chicken":26,"stat.pickup.minecraft.iron_ore":351,"stat.pickup.iceandfire.fire_dragon_heart":1,"stat.pickup.minecraft.gold_ore":19,"stat.craftItem.minecraft.flint_and_steel":1,"stat.mineBlock.minecraft.glass_pane":1,"stat.mineBlock.minecraft.leaves2":5,"stat.mineBlock.minecraft.stone_stairs":2,"stat.pickup.minecraft.leather":62,"stat.damageTaken":27007,"stat.useItem.iceandfire.troll_weapon.trunk":2,"stat.mineBlock.minecraft.furnace":5,"stat.mineBlock.minecraft.torch":60,"stat.mineBlock.minecraft.red_flower":4,"stat.useItem.minecraft.wooden_pickaxe":83,"stat.craftItem.mwc.carbon_fiber":12,"stat.pickup.minecraft.reeds":7,"stat.pickup.minecraft.bed":2,"stat.pickup.minecraft.potato":25,"stat.pickup.minecraft.oak_stairs":1,"stat.pickup.mwc.graphite_chunk":64,"stat.damageDealt":71666,"stat.pickup.iceandfire.chared_grass":2,"stat.craftItem.minecraft.glass":11,"stat.sleepInBed":6,"stat.craftItem.minecraft.anvil":1,"stat.killEntity.if_pixie":2,"stat.killEntity.Cow":55,"stat.killEntity.Pig":21,"stat.mineBlock.iceandfire.chared_dirt":4,"stat.craftItem.minecraft.iron_sword":3,"stat.craftItem.minecraft.stone_slab":90,"stat.craftItem.minecraft.stone_shovel":1,"stat.walkOneCm":1528381,"stat.useItem.futuremc.blast_furnace":1,"stat.useItem.minecraft.chest":2,"stat.pickup.minecraft.stick":2,"stat.craftItem.mcheli.flak18":2,"stat.pickup.iceandfire.armor_gray_chestplate":1,"stat.drop.mwc.remington870":1,"stat.craftItem.mcheli.sgrw34":1,"stat.pickup.minecraft.stone":270,"stat.pickup.minecraft.ender_pearl":2,"stat.pickup.minecraft.ladder":3,"stat.pickup.minecraft.cooked_beef":9,"stat.killEntity.Skeleton":40,"stat.pickup.vampirism.holy_salt":16,"stat.pickup.mwc.mg42":1,"stat.killEntity.Chicken":32,"stat.killEntity.Spider":23,"stat.pickup.mcheli.flak18":2,"stat.mobKills":397,"stat.pickup.iceandfire.armor_red_leggings":1,"stat.pickup.minecraft.diamond":3,"stat.mineBlock.minecraft.leaves":81,"stat.pickup.minecraft.beetroot_seeds":2,"stat.pickup.minecraft.torch":71,"stat.mineBlock.minecraft.redstone_ore":55,"stat.craftItem.mwc.copper_ingot":93,"stat.killEntity.firedragon":1,"stat.pickup.mcheli.sgrw34":1,"stat.mineBlock.minecraft.stone":1794}