{"stat.beaconInteraction":3,"stat.useItem.minecraft.bow":9,"stat.pickup.iceandfire.fire_dragon_flesh":7,"stat.mineBlock.iceandfire.chared_grass":1,"stat.leaveGame":33,"stat.killEntity.vampirism.vampire":19,"stat.craftItem.minecraft.shield":1,"stat.drop.minecraft.iron_sword":1,"stat.pickup.minecraft.rotten_flesh":57,"stat.craftItem.minecraft.stone_axe":1,"stat.pickup.advancedsticks.shrub_seeds":5,"stat.pickup.minecraft.cobblestone_wall":1,"stat.killEntity.Enderman":2,"stat.craftItem.minecraft.iron_shovel":5,"stat.killEntity.Witch":2,"stat.pickup.iceandfire.armor_red_boots":1,"stat.useItem.minecraft.iron_pickaxe":3189,"stat.craftItem.minecraft.wooden_pickaxe":3,"stat.useItem.minecraft.iron_shovel":1019,"stat.drop.minecraft.cooked_mutton":1,"stat.pickup.minecraft.double_plant":6,"stat.craftItem.minecraft.bed":3,"stat.pickup.mwc.m67frag":31,"stat.furnaceInteraction":290,"stat.craftItem.ic2.te":1,"stat.killEntity.ZombieVillager":2,"stat.craftItem.minecraft.leather_helmet":4,"stat.mineBlock.mwc.lead_ore":70,"stat.pickup.minecraft.beef":137,"stat.pickup.arm.heavy_armored_bootsboots":1,"stat.pickup.minecraft.potion":2,"stat.mineBlock.minecraft.fence":1,"stat.useItem.minecraft.beef":6,"stat.deaths":28,"stat.craftItem.futuremc.blast_furnace":3,"stat.pickup.minecraft.egg":25,"stat.craftItem.minecraft.iron_pickaxe":14,"stat.craftItem.mcheli.87rcv":1,"stat.craftItem.mwc.synthetic_plastic":16,"stat.craftItem.mcheli.fuel":3,"stat.useItem.securitycraft.camera_monitor":15,"stat.mineBlock.minecraft.tallgrass":375,"stat.craftItem.minecraft.cooked_mutton":27,"stat.pickup.minecraft.cooked_mutton":1,"stat.chestOpened":1042,"stat.mineBlock.mwc.sulfur_ore":36,"stat.useItem.minecraft.stone":45,"stat.pickup.minecraft.arrow":57,"stat.pickup.minecraft.iron_sword":1,"stat.craftItem.minecraft.coal":6,"stat.drop.minecraft.iron_pickaxe":1,"stat.crouchOneCm":134505,"stat.mineBlock.minecraft.chest":3,"stat.craftItem.minecraft.iron_ingot":324,"stat.pickup.minecraft.painting":3,"stat.craftingTableInteraction":210,"stat.pickup.minecraft.planks":122,"stat.pickup.minecraft.wheat_seeds":85,"stat.mineBlock.minecraft.dirt":1146,"stat.mineBlock.iceandfire.silver_ore":2,"stat.drop.minecraft.rotten_flesh":4,"stat.useItem.minecraft.cobblestone":1159,"stat.useItem.minecraft.gravel":3,"stat.mineBlock.minecraft.double_plant":19,"stat.pickup.securitycraft.reinforced_stone":1,"stat.pickup.minecraft.iron_pickaxe":1,"stat.pickup.iceandfire.dragonsteel_ice_leggings":1,"stat.pickup.mwc.dragunovmag":6,"stat.pickup.iceandfire.dragonsteel_fire_leggings":1,"stat.pickup.minecraft.chicken":33,"stat.killEntity.vampirism.advanced_vampire":3,"stat.pickup.minecraft.apple":3,"stat.pickup.mcheli.m18_yellow":4,"stat.craftItem.minecraft.planks":1248,"stat.useItem.minecraft.iron_sword":1618,"stat.pickup.futuremc.cornflower":9,"stat.pickup.advancedsticks.bough":8,"stat.pickup.minecraft.book":1,"stat.mineBlock.minecraft.log":326,"stat.craftItem.minecraft.wooden_door":9,"stat.useItem.minecraft.wooden_door":6,"stat.pickup.iceandfire.dragonbone":4,"stat.craftItem.minecraft.paper":3,"stat.pickup.minecraft.red_flower":14,"stat.pickup.minecraft.wool":56,"stat.pickup.mcheli.mstab":1,"stat.useItem.minecraft.iron_axe":342,"stat.mineBlock.minecraft.cobblestone":200,"stat.pickup.minecraft.flint":5,"stat.mineBlock.minecraft.yellow_flower":7,"stat.pickup.mcheli.flak18shield":2,"stat.entityKilledBy.mwc_terrorist":1,"stat.pickup.mwc.m79":1,"stat.pickup.minecraft.cooked_porkchop":4,"stat.useItem.futuremc.netherite_shovel":21,"stat.useItem.minecraft.stone_slab2":2878,"stat.pickup.minecraft.bow":6,"stat.drop.securitycraft.reinforced_stone":1,"stat.pickup.minecraft.iron_boots":1,"stat.pickup.mwc.m18white":7,"stat.craftItem.minecraft.furnace":21,"stat.mineBlock.mwc.graphite_ore":44,"stat.useItem.minecraft.egg":16,"stat.craftItem.minecraft.iron_boots":1,"stat.craftItem.futuremc.smooth_stone":22,"stat.craftItem.minecraft.cooked_beef":50,"stat.craftItem.minecraft.bow":7,"stat.flyOneCm":9996331,"stat.useItem.iceandfire.chared_stone":1,"stat.timeSinceDeath":402118,"stat.craftItem.mcheli.m151a2":2,"stat.drop.minecraft.spider_eye":1,"stat.useItem.minecraft.wooden_slab":1,"stat.craftItem.minecraft.iron_block":15,"stat.killEntity.Bat":3,"stat.craftItem.minecraft.stonebrick":4,"stat.useItem.minecraft.potato":14,"stat.pickup.mwc.copper_ore":100,"stat.mineBlock.minecraft.coal_ore":478,"stat.pickup.minecraft.shield":2,"stat.killEntity.Creeper":30,"stat.useItem.minecraft.armor_stand":1,"stat.pickup.minecraft.string":25,"stat.mineBlock.minecraft.ladder":3,"stat.pickup.mcheli.gltd":4,"stat.pickup.mcheli.m18_green":5,"stat.killEntity.Squid":4,"stat.sprintOneCm":2858870,"stat.pickup.vampirism.vampire_blood_bottle":2,"stat.mineBlock.minecraft.stone_slab":38,"stat.pickup.ic2.resource":57,"stat.mineBlock.minecraft.diamond_ore":3,"stat.craftItem.minecraft.leather_chestplate":1,"stat.useItem.minecraft.ladder":27,"stat.pickup.mwc.deserteaglemag":18,"stat.killEntity.Zombie":70,"stat.craftItem.minecraft.dye":2,"stat.pickup.iceandfire.chared_dirt":5,"stat.pickup.iceandfire.troll_weapon.trunk":1,"stat.mineBlock.minecraft.gold_ore":19,"stat.diveOneCm":227235,"stat.pickup.minecraft.wheat":2,"stat.craftItem.minecraft.ladder":15,"stat.pickup.mwc.flash":8,"stat.pickup.futuremc.netherite_boots":1,"stat.craftItem.minecraft.cooked_porkchop":17,"stat.pickup.minecraft.stone_axe":1,"stat.jump":22067,"stat.pickup.minecraft.coal":476,"stat.pickup.minecraft.iron_ingot":1152,"stat.pickup.mcheli.fgm148_bullet":8,"stat.pickup.mcheli.m18_red":5,"stat.pickup.minecraft.gunpowder":1070,"stat.pickup.iceandfire.chared_stone":4,"stat.craftItem.minecraft.torch":488,"stat.pickup.minecraft.dirt":1349,"stat.pickup.iceandfire.fire_dragon_heart":1,"stat.pickup.minecraft.gold_ore":19,"stat.pickup.mcheli.c2":1,"stat.mineBlock.minecraft.glass_pane":1,"stat.damageTaken":31108,"stat.mineBlock.minecraft.torch":65,"stat.mineBlock.minecraft.red_flower":4,"stat.pickup.mwc.scar40mag":18,"stat.useItem.securitycraft.reinforced_stone":241,"stat.pickup.minecraft.bed":4,"stat.pickup.minecraft.potato":30,"stat.pickup.mwc.graphite_chunk":64,"stat.pickup.iceandfire.chared_grass":2,"stat.craftItem.minecraft.stone_slab":90,"stat.useItem.futuremc.blast_furnace":1,"stat.useItem.minecraft.chest":16,"stat.pickup.iceandfire.dragonsteel_fire_boots":1,"stat.pickup.iceandfire.armor_gray_chestplate":1,"stat.useItem.minecraft.lava_bucket":1,"stat.useItem.securitycraft.reinforced_stone_brick":5,"stat.useItem.vampirism.church_altar":1,"stat.pickup.minecraft.ender_pearl":2,"stat.useItem.minecraft.redstone_ore":4,"stat.pickup.minecraft.ladder":6,"stat.pickup.minecraft.cooked_beef":25,"stat.pickup.mutantbeasts.hulk_hammer":1,"stat.mobKills":630,"stat.pickup.mcheli.eurofighter typhoon 2":1,"stat.useItem.minecraft.cobblestone_wall":5,"stat.pickup.minecraft.diamond":3,"stat.pickup.minecraft.beetroot_seeds":2,"stat.pickup.minecraft.torch":82,"stat.killEntity.firedragon":2,"stat.pickup.futuremc.netherite_leggings":1,"stat.pickup.mwc.sulfur_dust":117,"stat.pickup.iceandfire.armor_red_helmet":1,"stat.craftItem.minecraft.iron_axe":1,"stat.killEntity.mutantbeasts.mutant_skeleton":1,"stat.drop.minecraft.shield":1,"stat.useItem.minecraft.mutton":6,"stat.useItem.minecraft.planks":127,"stat.pickup.minecraft.porkchop":57,"stat.pickup.futuremc.netherite_pickaxe":1,"stat.pickup.minecraft.sand":12,"stat.useItem.futuremc.cornflower":1,"stat.entityKilledBy.Spider":1,"stat.pickup.iceandfire.troll_leather_forest":1,"stat.pickup.iceandfire.armor_red_chestplate":1,"stat.craftItem.minecraft.cobblestone_wall":6,"stat.craftItem.minecraft.stone_sword":3,"stat.entityKilledBy.firedragon":7,"stat.mineBlock.minecraft.sand":11,"stat.pickup.iceandfire.ash":2,"stat.craftItem.minecraft.birch_door":6,"stat.craftItem.mwc.steel_ingot":6,"stat.entityKilledBy.if_troll":1,"stat.mineBlock.futuremc.cornflower":5,"stat.pickup.minecraft.furnace":7,"stat.useItem.minecraft.cooked_mutton":27,"stat.pickup.iceandfire.troll_tusk":1,"stat.pickup.minecraft.iron_chestplate":1,"stat.useItem.minecraft.stone_stairs":12,"stat.mineBlock.mwc.tin_ore":36,"stat.mineBlock.iceandfire.ash":1,"stat.entityKilledBy.mutantbeasts.mutant_skeleton":1,"stat.killEntity.mwc_terrorist":26,"stat.pickup.minecraft.stone_stairs":2,"stat.pickup.futuremc.lily_of_the_valley":1,"stat.craftItem.mwc.steel_dust":6,"stat.pickup.iceandfire.dragonsteel_ice_boots":1,"stat.playOneMinute":1415796,"stat.pickup.mcheli.m18_violet":3,"stat.pickup.minecraft.cooked_chicken":2,"stat.fallOneCm":661488,"stat.craftItem.mcheli.flak18shield":1,"stat.pickup.mwc.spec_ops_chest":1,"stat.pickup.iceandfire.pixie_dust":3,"stat.craftItem.minecraft.chest":6,"stat.mineBlock.ic2.resource":57,"stat.pickup.minecraft.feather":35,"stat.pickup.futuremc.netherite_axe":1,"stat.craftItem.minecraft.wooden_button":1,"stat.pickup.mwc.gasgrenade":5,"stat.useItem.minecraft.furnace":5,"stat.pickup.minecraft.iron_leggings":1,"stat.pickup.mwc.gas-detector":1,"stat.mineBlock.minecraft.gravel":53,"stat.useItem.minecraft.stone_pickaxe":252,"stat.useItem.minecraft.stone_sword":243,"stat.craftItem.minecraft.iron_leggings":1,"stat.useItem.minecraft.torch":547,"stat.pickup.minecraft.golden_apple":63,"stat.pickup.mwc.m16a1":4,"stat.craftItem.minecraft.stone_stairs":16,"stat.useItem.minecraft.log":2,"stat.pickup.minecraft.crafting_table":3,"stat.craftItem.minecraft.crafting_table":41,"stat.pickup.minecraft.log":328,"stat.pickup.mwc.lead_ore":68,"stat.craftItem.usefulbackpacks.backpack":1,"stat.pickup.minecraft.sapling":35,"stat.pickup.minecraft.wooden_door":1,"stat.pickup.iceandfire.armor_gray_boots":1,"stat.useItem.minecraft.birch_door":3,"stat.pickup.mwc.m4a1":5,"stat.craftItem.minecraft.cooked_chicken":26,"stat.pickup.vampirism.human_heart":30,"stat.pickup.iceandfire.dragonsteel_ice_chestplate":1,"stat.sneakTime":44872,"stat.mineBlock.minecraft.cobblestone_wall":1,"stat.pickup.minecraft.stone_slab":38,"stat.pickup.mwc.rpg7_rocket":48,"stat.pickup.minecraft.yellow_flower":6,"stat.pickup.minecraft.chest":4,"stat.craftItem.minecraft.leather_leggings":1,"stat.craftItem.mcheli.m151":2,"stat.pickup.minecraft.bone":50,"stat.pickup.minecraft.redstone_torch":3,"stat.pickup.mcheli.fuel":6,"stat.pickup.mwc.m4a1mag_2":1,"stat.swimOneCm":117469,"stat.climbOneCm":42197,"stat.useItem.minecraft.dirt":381,"stat.entityKilledBy.vampirism.vampire_hunter":1,"stat.useItem.futuremc.netherite_sword":97,"stat.craftItem.minecraft.stone_pickaxe":2,"stat.pickup.minecraft.cobblestone":1931,"stat.useItem.minecraft.stone_shovel":125,"stat.craftItem.minecraft.glass_bottle":6,"stat.useItem.minecraft.cooked_beef":48,"stat.pickup.minecraft.redstone":495,"stat.craftItem.minecraft.dispenser":6,"stat.mineBlock.minecraft.iron_ore":431,"stat.craftItem.minecraft.book":1,"stat.pickup.minecraft.mutton":84,"stat.pickup.securitycraft.claymore":139,"stat.pickup.mwc.tin_ore":36,"stat.useItem.minecraft.cooked_porkchop":13,"stat.killEntity.vampirism.vampire_hunter":117,"stat.drop.advancedsticks.bough":1,"stat.craftItem.minecraft.stone_slab2":0,"stat.killEntity.mutantbeasts.mutant_zombie":1,"stat.craftItem.minecraft.stick":280,"stat.useItem.minecraft.stone_slab":96,"stat.pickup.futuremc.netherite_shovel":1,"stat.craftItem.minecraft.stone":23,"stat.craftItem.minecraft.armor_stand":2,"stat.pickup.minecraft.grass":6,"stat.mineBlock.minecraft.crafting_table":2,"stat.entityKilledBy.Creeper":1,"stat.mineBlock.minecraft.planks":9,"stat.drop":12,"stat.mineBlock.mwc.copper_ore":100,"stat.pickup.minecraft.stone_button":1,"stat.killEntity.Sheep":57,"stat.pickup.mcheli.oerlikon_20mm":6,"stat.pickup.mwc.m9drummag":12,"stat.pickup.iceandfire.dragonsteel_ice_helmet":1,"stat.craftItem.mcheli.oerlikon_20mm":1,"stat.pickup.minecraft.gravel":48,"stat.useItem.minecraft.apple":2,"stat.useItem.minecraft.porkchop":1,"stat.pickup.minecraft.fence":2,"stat.pickup.minecraft.iron_helmet":2,"stat.useItem.securitycraft.claymore":2,"stat.useItem.minecraft.stone_axe":117,"stat.pickup.minecraft.spider_eye":7,"stat.craftItem.minecraft.iron_helmet":1,"stat.useItem.minecraft.stone_button":31,"stat.pickup.vampirism.vampire_fang":5,"stat.pickup.mwc.remington870":3,"stat.useItem.minecraft.cooked_chicken":28,"stat.pickup.minecraft.iron_ore":420,"stat.craftItem.minecraft.flint_and_steel":1,"stat.pickup.mcheli.m109":1,"stat.mineBlock.minecraft.leaves2":5,"stat.mineBlock.minecraft.stone_stairs":2,"stat.pickup.minecraft.leather":77,"stat.useItem.iceandfire.troll_weapon.trunk":2,"stat.mineBlock.minecraft.furnace":6,"stat.useItem.minecraft.wooden_pickaxe":83,"stat.craftItem.mwc.carbon_fiber":12,"stat.pickup.minecraft.reeds":7,"stat.pickup.minecraft.oak_stairs":1,"stat.useItem.futuremc.netherite_pickaxe":3,"stat.damageDealt":89918,"stat.craftItem.minecraft.glass":11,"stat.sleepInBed":8,"stat.craftItem.minecraft.anvil":1,"stat.killEntity.if_pixie":4,"stat.killEntity.Cow":87,"stat.killEntity.Pig":29,"stat.mineBlock.iceandfire.chared_dirt":4,"stat.craftItem.minecraft.iron_sword":3,"stat.craftItem.minecraft.stone_shovel":1,"stat.walkOneCm":2198148,"stat.pickup.minecraft.stick":2,"stat.craftItem.mcheli.flak18":2,"stat.drop.mwc.remington870":1,"stat.craftItem.mcheli.sgrw34":1,"stat.pickup.minecraft.stone":280,"stat.killEntity.futuremc:salmon":5,"stat.killEntity.Skeleton":56,"stat.pickup.vampirism.holy_salt":17,"stat.pickup.mwc.bullet792x57":192,"stat.pickup.mwc.mg42":1,"stat.killEntity.Chicken":40,"stat.useItem.minecraft.iron_block":180,"stat.killEntity.Spider":30,"stat.pickup.minecraft.bread":1,"stat.pickup.mcheli.flak18":2,"stat.pickup.securitycraft.ims":1,"stat.pickup.iceandfire.armor_red_leggings":1,"stat.useItem.minecraft.golden_apple":35,"stat.mineBlock.minecraft.leaves":138,"stat.mineBlock.minecraft.redstone_ore":55,"stat.craftItem.mwc.copper_ingot":93,"stat.pickup.arm.heavy_protection_for_legslegs":1,"stat.pickup.mcheli.sgrw34":1,"stat.mineBlock.minecraft.stone":1891}