{"stat.useItem.minecraft.bow":6,"stat.leaveGame":16,"stat.pickup.mwc.sulfur_dust":48,"stat.pickup.iceandfire.armor_red_helmet":1,"stat.killEntity.vampirism.vampire":15,"stat.useItem.minecraft.mutton":6,"stat.useItem.minecraft.planks":2,"stat.craftItem.minecraft.shield":1,"stat.pickup.minecraft.porkchop":51,"stat.drop.minecraft.iron_sword":1,"stat.pickup.minecraft.rotten_flesh":26,"stat.pickup.minecraft.sand":11,"stat.craftItem.minecraft.stone_axe":1,"stat.pickup.iceandfire.troll_leather_forest":1,"stat.pickup.iceandfire.armor_red_chestplate":1,"stat.killEntity.Enderman":2,"stat.craftItem.minecraft.cobblestone_wall":6,"stat.craftItem.minecraft.stone_sword":3,"stat.craftItem.minecraft.iron_shovel":2,"stat.entityKilledBy.firedragon":5,"stat.mineBlock.minecraft.sand":11,"stat.pickup.iceandfire.ash":1,"stat.killEntity.Witch":1,"stat.pickup.iceandfire.armor_red_boots":1,"stat.useItem.minecraft.iron_pickaxe":1314,"stat.craftItem.minecraft.wooden_pickaxe":3,"stat.useItem.minecraft.iron_shovel":330,"stat.drop.minecraft.cooked_mutton":1,"stat.pickup.minecraft.double_plant":2,"stat.craftItem.minecraft.birch_door":3,"stat.craftItem.minecraft.bed":2,"stat.furnaceInteraction":121,"stat.entityKilledBy.if_troll":1,"stat.craftItem.ic2.te":1,"stat.killEntity.ZombieVillager":1,"stat.mineBlock.futuremc.cornflower":3,"stat.craftItem.minecraft.leather_helmet":4,"stat.mineBlock.mwc.lead_ore":30,"stat.pickup.minecraft.beef":96,"stat.pickup.minecraft.furnace":3,"stat.useItem.minecraft.cooked_mutton":21,"stat.pickup.iceandfire.troll_tusk":1,"stat.pickup.minecraft.iron_chestplate":1,"stat.useItem.minecraft.stone_stairs":12,"stat.mineBlock.mwc.tin_ore":25,"stat.killEntity.mwc_terrorist":10,"stat.pickup.minecraft.stone_stairs":2,"stat.pickup.futuremc.lily_of_the_valley":1,"stat.mineBlock.minecraft.fence":1,"stat.useItem.minecraft.beef":6,"stat.deaths":19,"stat.pickup.minecraft.egg":24,"stat.playOneMinute":481494,"stat.craftItem.minecraft.iron_pickaxe":6,"stat.craftItem.mcheli.87rcv":1,"stat.craftItem.mcheli.fuel":3,"stat.mineBlock.minecraft.tallgrass":200,"stat.craftItem.minecraft.cooked_mutton":21,"stat.pickup.minecraft.cooked_mutton":1,"stat.chestOpened":98,"stat.mineBlock.mwc.sulfur_ore":15,"stat.useItem.minecraft.stone":11,"stat.pickup.minecraft.arrow":22,"stat.pickup.minecraft.iron_sword":1,"stat.craftItem.minecraft.coal":6,"stat.drop.minecraft.iron_pickaxe":1,"stat.pickup.minecraft.cooked_chicken":2,"stat.fallOneCm":332055,"stat.crouchOneCm":38443,"stat.pickup.iceandfire.pixie_dust":1,"stat.craftItem.minecraft.iron_ingot":113,"stat.craftItem.minecraft.chest":3,"stat.craftingTableInteraction":118,"stat.mineBlock.ic2.resource":29,"stat.pickup.minecraft.feather":34,"stat.craftItem.minecraft.wooden_button":1,"stat.pickup.minecraft.planks":21,"stat.pickup.minecraft.iron_leggings":1,"stat.pickup.minecraft.wheat_seeds":47,"stat.mineBlock.minecraft.gravel":26,"stat.useItem.minecraft.stone_pickaxe":252,"stat.useItem.minecraft.stone_sword":243,"stat.mineBlock.minecraft.dirt":453,"stat.useItem.minecraft.torch":248,"stat.pickup.mwc.m16a1":2,"stat.mineBlock.iceandfire.silver_ore":2,"stat.drop.minecraft.rotten_flesh":1,"stat.craftItem.minecraft.stone_stairs":16,"stat.useItem.minecraft.log":1,"stat.pickup.minecraft.crafting_table":3,"stat.useItem.minecraft.cobblestone":458,"stat.craftItem.minecraft.crafting_table":26,"stat.useItem.minecraft.gravel":3,"stat.mineBlock.minecraft.double_plant":12,"stat.pickup.minecraft.log":150,"stat.pickup.mwc.lead_ore":29,"stat.pickup.minecraft.iron_pickaxe":1,"stat.craftItem.usefulbackpacks.backpack":1,"stat.pickup.minecraft.chicken":32,"stat.killEntity.vampirism.advanced_vampire":1,"stat.pickup.minecraft.sapling":11,"stat.pickup.minecraft.wooden_door":1,"stat.pickup.minecraft.apple":3,"stat.pickup.iceandfire.armor_gray_boots":1,"stat.useItem.minecraft.birch_door":2,"stat.pickup.mwc.m4a1":2,"stat.craftItem.minecraft.planks":440,"stat.useItem.minecraft.iron_sword":816,"stat.pickup.futuremc.cornflower":3,"stat.pickup.advancedsticks.bough":1,"stat.pickup.minecraft.book":1,"stat.mineBlock.minecraft.log":148,"stat.craftItem.minecraft.wooden_door":9,"stat.craftItem.minecraft.cooked_chicken":24,"stat.useItem.minecraft.wooden_door":6,"stat.pickup.vampirism.human_heart":6,"stat.pickup.minecraft.red_flower":5,"stat.sneakTime":13116,"stat.pickup.minecraft.wool":17,"stat.pickup.minecraft.stone_slab":2,"stat.pickup.minecraft.yellow_flower":1,"stat.craftItem.mcheli.m151":2,"stat.pickup.minecraft.bone":24,"stat.useItem.minecraft.iron_axe":74,"stat.mineBlock.minecraft.cobblestone":109,"stat.pickup.mwc.m4a1mag_2":1,"stat.pickup.minecraft.flint":1,"stat.mineBlock.minecraft.yellow_flower":4,"stat.swimOneCm":47279,"stat.climbOneCm":4105,"stat.entityKilledBy.mwc_terrorist":1,"stat.useItem.minecraft.dirt":317,"stat.useItem.minecraft.stone_slab2":103,"stat.pickup.minecraft.bow":4,"stat.pickup.minecraft.iron_boots":1,"stat.craftItem.minecraft.furnace":11,"stat.entityKilledBy.vampirism.vampire_hunter":1,"stat.mineBlock.mwc.graphite_ore":26,"stat.useItem.minecraft.egg":16,"stat.craftItem.minecraft.stone_pickaxe":2,"stat.craftItem.minecraft.cooked_beef":24,"stat.pickup.minecraft.cobblestone":860,"stat.craftItem.minecraft.bow":1,"stat.useItem.minecraft.stone_shovel":125,"stat.flyOneCm":2375332,"stat.craftItem.minecraft.glass_bottle":6,"stat.useItem.iceandfire.chared_stone":1,"stat.useItem.minecraft.cooked_beef":27,"stat.pickup.minecraft.redstone":14,"stat.mineBlock.minecraft.iron_ore":238,"stat.timeSinceDeath":40844,"stat.craftItem.mcheli.m151a2":2,"stat.drop.minecraft.spider_eye":1,"stat.pickup.minecraft.mutton":27,"stat.craftItem.minecraft.iron_block":3,"stat.killEntity.Bat":2,"stat.pickup.mwc.tin_ore":25,"stat.useItem.minecraft.potato":14,"stat.pickup.mwc.copper_ore":56,"stat.useItem.minecraft.cooked_porkchop":13,"stat.killEntity.vampirism.vampire_hunter":23,"stat.mineBlock.minecraft.coal_ore":216,"stat.pickup.minecraft.shield":2,"stat.killEntity.Creeper":11,"stat.pickup.minecraft.string":13,"stat.mineBlock.minecraft.ladder":3,"stat.craftItem.minecraft.stone_slab2":0,"stat.sprintOneCm":1273514,"stat.pickup.vampirism.vampire_blood_bottle":1,"stat.mineBlock.minecraft.stone_slab":2,"stat.craftItem.minecraft.stick":124,"stat.pickup.ic2.resource":29,"stat.useItem.minecraft.stone_slab":17,"stat.mineBlock.minecraft.crafting_table":2,"stat.entityKilledBy.Creeper":1,"stat.mineBlock.minecraft.planks":6,"stat.drop":5,"stat.mineBlock.mwc.copper_ore":56,"stat.craftItem.minecraft.leather_chestplate":1,"stat.killEntity.Sheep":17,"stat.useItem.minecraft.ladder":7,"stat.killEntity.Zombie":29,"stat.craftItem.minecraft.dye":2,"stat.pickup.iceandfire.chared_dirt":1,"stat.pickup.iceandfire.troll_weapon.trunk":1,"stat.diveOneCm":101783,"stat.pickup.minecraft.wheat":2,"stat.craftItem.minecraft.ladder":6,"stat.pickup.minecraft.gravel":25,"stat.craftItem.minecraft.cooked_porkchop":13,"stat.pickup.minecraft.stone_axe":1,"stat.useItem.minecraft.apple":1,"stat.useItem.minecraft.porkchop":1,"stat.jump":10711,"stat.pickup.minecraft.fence":2,"stat.pickup.minecraft.coal":215,"stat.pickup.minecraft.iron_helmet":2,"stat.useItem.minecraft.stone_axe":117,"stat.pickup.minecraft.gunpowder":26,"stat.pickup.iceandfire.chared_stone":4,"stat.pickup.minecraft.spider_eye":3,"stat.craftItem.minecraft.torch":240,"stat.pickup.minecraft.dirt":532,"stat.pickup.vampirism.vampire_fang":5,"stat.pickup.mwc.remington870":1,"stat.useItem.minecraft.cooked_chicken":26,"stat.pickup.minecraft.iron_ore":234,"stat.mineBlock.minecraft.glass_pane":1,"stat.mineBlock.minecraft.stone_stairs":2,"stat.pickup.minecraft.leather":52,"stat.damageTaken":11802,"stat.useItem.iceandfire.troll_weapon.trunk":2,"stat.mineBlock.minecraft.furnace":2,"stat.mineBlock.minecraft.torch":19,"stat.mineBlock.minecraft.red_flower":4,"stat.useItem.minecraft.wooden_pickaxe":83,"stat.pickup.minecraft.bed":2,"stat.pickup.minecraft.potato":20,"stat.pickup.minecraft.oak_stairs":1,"stat.pickup.mwc.graphite_chunk":42,"stat.damageDealt":43128,"stat.pickup.iceandfire.chared_grass":1,"stat.craftItem.minecraft.glass":11,"stat.sleepInBed":6,"stat.killEntity.if_pixie":1,"stat.killEntity.Cow":49,"stat.killEntity.Pig":21,"stat.craftItem.minecraft.iron_sword":3,"stat.craftItem.minecraft.stone_slab":18,"stat.craftItem.minecraft.stone_shovel":1,"stat.walkOneCm":886325,"stat.useItem.minecraft.chest":2,"stat.pickup.minecraft.stick":2,"stat.craftItem.mcheli.flak18":1,"stat.pickup.iceandfire.armor_gray_chestplate":1,"stat.pickup.minecraft.stone":108,"stat.pickup.minecraft.ender_pearl":2,"stat.pickup.minecraft.ladder":3,"stat.pickup.minecraft.cooked_beef":9,"stat.killEntity.Skeleton":28,"stat.pickup.vampirism.holy_salt":4,"stat.pickup.mwc.mg42":1,"stat.killEntity.Chicken":32,"stat.killEntity.Spider":16,"stat.pickup.mcheli.flak18":2,"stat.mobKills":275,"stat.pickup.iceandfire.armor_red_leggings":1,"stat.mineBlock.minecraft.leaves":40,"stat.pickup.minecraft.beetroot_seeds":2,"stat.pickup.minecraft.torch":24,"stat.mineBlock.minecraft.redstone_ore":3,"stat.craftItem.mwc.copper_ingot":9,"stat.mineBlock.minecraft.stone":862}