{"stat.useItem.minecraft.bow":4,"stat.pickup.minecraft.bone":9,"stat.leaveGame":8,"stat.mineBlock.minecraft.cobblestone":56,"stat.pickup.mwc.sulfur_dust":40,"stat.mineBlock.minecraft.yellow_flower":2,"stat.killEntity.vampirism.vampire":4,"stat.swimOneCm":12460,"stat.climbOneCm":946,"stat.useItem.minecraft.planks":1,"stat.entityKilledBy.mwc_terrorist":1,"stat.pickup.minecraft.porkchop":11,"stat.useItem.minecraft.dirt":52,"stat.useItem.minecraft.stone_slab2":38,"stat.pickup.minecraft.bow":2,"stat.pickup.minecraft.iron_boots":1,"stat.pickup.minecraft.rotten_flesh":10,"stat.craftItem.minecraft.furnace":5,"stat.mineBlock.mwc.graphite_ore":3,"stat.useItem.minecraft.egg":14,"stat.craftItem.minecraft.stone_axe":1,"stat.craftItem.minecraft.stone_pickaxe":2,"stat.pickup.minecraft.cobblestone":418,"stat.useItem.minecraft.stone_shovel":123,"stat.craftItem.minecraft.stone_sword":2,"stat.flyOneCm":674296,"stat.useItem.iceandfire.chared_stone":1,"stat.mineBlock.minecraft.iron_ore":109,"stat.timeSinceDeath":44806,"stat.useItem.minecraft.iron_pickaxe":426,"stat.craftItem.minecraft.wooden_pickaxe":2,"stat.pickup.minecraft.mutton":27,"stat.drop.minecraft.cooked_mutton":1,"stat.pickup.minecraft.double_plant":2,"stat.killEntity.Bat":1,"stat.pickup.mwc.tin_ore":11,"stat.craftItem.minecraft.bed":1,"stat.pickup.mwc.copper_ore":9,"stat.furnaceInteraction":38,"stat.useItem.minecraft.cooked_porkchop":8,"stat.killEntity.ZombieVillager":1,"stat.mineBlock.minecraft.coal_ore":116,"stat.mineBlock.futuremc.cornflower":1,"stat.pickup.minecraft.shield":1,"stat.killEntity.Creeper":1,"stat.pickup.minecraft.string":4,"stat.mineBlock.mwc.lead_ore":4,"stat.pickup.minecraft.beef":19,"stat.pickup.minecraft.furnace":1,"stat.useItem.minecraft.cooked_mutton":8,"stat.craftItem.minecraft.stone_slab2":0,"stat.sprintOneCm":351171,"stat.pickup.minecraft.iron_chestplate":1,"stat.craftItem.minecraft.stick":56,"stat.pickup.ic2.resource":23,"stat.mineBlock.mwc.tin_ore":11,"stat.killEntity.mwc_terrorist":2,"stat.mineBlock.minecraft.fence":1,"stat.mineBlock.minecraft.crafting_table":1,"stat.mineBlock.minecraft.planks":5,"stat.deaths":4,"stat.drop":1,"stat.mineBlock.mwc.copper_ore":9,"stat.pickup.minecraft.egg":19,"stat.playOneMinute":145150,"stat.craftItem.minecraft.leather_chestplate":1,"stat.killEntity.Sheep":16,"stat.craftItem.minecraft.iron_pickaxe":2,"stat.killEntity.Zombie":7,"stat.pickup.iceandfire.chared_dirt":1,"stat.mineBlock.minecraft.tallgrass":62,"stat.craftItem.minecraft.cooked_mutton":10,"stat.diveOneCm":27270,"stat.pickup.minecraft.wheat":1,"stat.pickup.minecraft.cooked_mutton":1,"stat.chestOpened":4,"stat.mineBlock.mwc.sulfur_ore":12,"stat.pickup.minecraft.gravel":21,"stat.pickup.minecraft.arrow":7,"stat.craftItem.minecraft.cooked_porkchop":8,"stat.useItem.minecraft.apple":1,"stat.jump":3078,"stat.pickup.minecraft.fence":2,"stat.pickup.minecraft.cooked_chicken":2,"stat.pickup.minecraft.coal":116,"stat.pickup.minecraft.iron_helmet":1,"stat.fallOneCm":83274,"stat.useItem.minecraft.stone_axe":67,"stat.crouchOneCm":9432,"stat.pickup.iceandfire.chared_stone":2,"stat.pickup.minecraft.spider_eye":1,"stat.craftItem.minecraft.torch":120,"stat.craftItem.minecraft.iron_ingot":12,"stat.pickup.minecraft.dirt":152,"stat.pickup.vampirism.vampire_fang":3,"stat.useItem.minecraft.cooked_chicken":26,"stat.craftingTableInteraction":50,"stat.pickup.minecraft.iron_ore":106,"stat.mineBlock.ic2.resource":23,"stat.mineBlock.minecraft.glass_pane":1,"stat.pickup.minecraft.leather":11,"stat.pickup.minecraft.feather":33,"stat.damageTaken":3056,"stat.mineBlock.minecraft.furnace":1,"stat.mineBlock.minecraft.torch":5,"stat.useItem.minecraft.wooden_pickaxe":67,"stat.pickup.minecraft.planks":8,"stat.pickup.minecraft.iron_leggings":1,"stat.pickup.minecraft.bed":2,"stat.pickup.minecraft.wheat_seeds":23,"stat.pickup.minecraft.potato":1,"stat.pickup.minecraft.oak_stairs":1,"stat.pickup.mwc.graphite_chunk":5,"stat.mineBlock.minecraft.gravel":21,"stat.useItem.minecraft.stone_pickaxe":252,"stat.useItem.minecraft.stone_sword":229,"stat.damageDealt":10781,"stat.pickup.iceandfire.chared_grass":1,"stat.sleepInBed":3,"stat.killEntity.Cow":9,"stat.mineBlock.minecraft.dirt":129,"stat.killEntity.Pig":6,"stat.craftItem.minecraft.iron_sword":1,"stat.craftItem.minecraft.stone_shovel":1,"stat.walkOneCm":325768,"stat.useItem.minecraft.torch":86,"stat.pickup.mwc.m16a1":1,"stat.useItem.minecraft.log":1,"stat.pickup.minecraft.crafting_table":1,"stat.useItem.minecraft.cobblestone":91,"stat.craftItem.minecraft.crafting_table":12,"stat.mineBlock.minecraft.double_plant":4,"stat.pickup.minecraft.log":59,"stat.pickup.mwc.lead_ore":4,"stat.pickup.minecraft.stone":37,"stat.pickup.minecraft.chicken":30,"stat.pickup.minecraft.wooden_door":1,"stat.pickup.minecraft.apple":1,"stat.killEntity.Skeleton":8,"stat.pickup.mwc.m4a1":1,"stat.craftItem.minecraft.planks":168,"stat.useItem.minecraft.iron_sword":85,"stat.killEntity.Chicken":30,"stat.pickup.futuremc.cornflower":1,"stat.killEntity.Spider":5,"stat.mobKills":93,"stat.pickup.minecraft.book":1,"stat.mineBlock.minecraft.log":60,"stat.craftItem.minecraft.wooden_door":3,"stat.craftItem.minecraft.cooked_chicken":24,"stat.useItem.minecraft.wooden_door":2,"stat.mineBlock.minecraft.leaves":5,"stat.pickup.minecraft.beetroot_seeds":2,"stat.pickup.minecraft.torch":10,"stat.sneakTime":4158,"stat.pickup.minecraft.wool":17,"stat.mineBlock.minecraft.stone":396}