{"stat.useItem.minecraft.bow":4,"stat.leaveGame":12,"stat.pickup.mwc.sulfur_dust":48,"stat.killEntity.vampirism.vampire":7,"stat.useItem.minecraft.mutton":6,"stat.useItem.minecraft.planks":2,"stat.craftItem.minecraft.shield":1,"stat.pickup.minecraft.porkchop":17,"stat.drop.minecraft.iron_sword":1,"stat.pickup.minecraft.rotten_flesh":12,"stat.pickup.minecraft.sand":4,"stat.craftItem.minecraft.stone_axe":1,"stat.killEntity.Enderman":1,"stat.craftItem.minecraft.stone_sword":3,"stat.craftItem.minecraft.iron_shovel":1,"stat.mineBlock.minecraft.sand":4,"stat.useItem.minecraft.iron_pickaxe":753,"stat.craftItem.minecraft.wooden_pickaxe":3,"stat.useItem.minecraft.iron_shovel":57,"stat.drop.minecraft.cooked_mutton":1,"stat.pickup.minecraft.double_plant":2,"stat.craftItem.minecraft.bed":1,"stat.furnaceInteraction":97,"stat.craftItem.ic2.te":1,"stat.killEntity.ZombieVillager":1,"stat.mineBlock.futuremc.cornflower":1,"stat.mineBlock.mwc.lead_ore":21,"stat.pickup.minecraft.beef":44,"stat.pickup.minecraft.furnace":1,"stat.useItem.minecraft.cooked_mutton":21,"stat.pickup.minecraft.iron_chestplate":1,"stat.mineBlock.mwc.tin_ore":21,"stat.killEntity.mwc_terrorist":4,"stat.mineBlock.minecraft.fence":1,"stat.useItem.minecraft.beef":5,"stat.deaths":5,"stat.pickup.minecraft.egg":20,"stat.playOneMinute":255292,"stat.craftItem.minecraft.iron_pickaxe":3,"stat.craftItem.mcheli.fuel":3,"stat.mineBlock.minecraft.tallgrass":79,"stat.craftItem.minecraft.cooked_mutton":21,"stat.pickup.minecraft.cooked_mutton":1,"stat.chestOpened":6,"stat.mineBlock.mwc.sulfur_ore":15,"stat.pickup.minecraft.arrow":10,"stat.pickup.minecraft.iron_sword":1,"stat.craftItem.minecraft.coal":6,"stat.pickup.minecraft.cooked_chicken":2,"stat.fallOneCm":161825,"stat.crouchOneCm":16905,"stat.craftItem.minecraft.iron_ingot":103,"stat.craftingTableInteraction":84,"stat.mineBlock.ic2.resource":28,"stat.pickup.minecraft.feather":33,"stat.craftItem.minecraft.wooden_button":1,"stat.pickup.minecraft.planks":21,"stat.pickup.minecraft.iron_leggings":1,"stat.pickup.minecraft.wheat_seeds":33,"stat.mineBlock.minecraft.gravel":22,"stat.useItem.minecraft.stone_pickaxe":252,"stat.useItem.minecraft.stone_sword":243,"stat.mineBlock.minecraft.dirt":203,"stat.useItem.minecraft.torch":169,"stat.pickup.mwc.m16a1":1,"stat.mineBlock.iceandfire.silver_ore":2,"stat.useItem.minecraft.log":1,"stat.pickup.minecraft.crafting_table":2,"stat.useItem.minecraft.cobblestone":219,"stat.craftItem.minecraft.crafting_table":19,"stat.mineBlock.minecraft.double_plant":8,"stat.pickup.minecraft.log":98,"stat.pickup.mwc.lead_ore":21,"stat.pickup.minecraft.chicken":30,"stat.killEntity.vampirism.advanced_vampire":1,"stat.pickup.minecraft.sapling":8,"stat.pickup.minecraft.wooden_door":1,"stat.pickup.minecraft.apple":1,"stat.pickup.iceandfire.armor_gray_boots":1,"stat.pickup.mwc.m4a1":1,"stat.craftItem.minecraft.planks":340,"stat.useItem.minecraft.iron_sword":219,"stat.pickup.futuremc.cornflower":1,"stat.pickup.minecraft.book":1,"stat.mineBlock.minecraft.log":97,"stat.craftItem.minecraft.wooden_door":6,"stat.craftItem.minecraft.cooked_chicken":24,"stat.useItem.minecraft.wooden_door":4,"stat.pickup.minecraft.red_flower":1,"stat.sneakTime":6770,"stat.pickup.minecraft.wool":17,"stat.craftItem.mcheli.m151":2,"stat.pickup.minecraft.bone":10,"stat.mineBlock.minecraft.cobblestone":63,"stat.pickup.mwc.m4a1mag_2":1,"stat.pickup.minecraft.flint":1,"stat.mineBlock.minecraft.yellow_flower":2,"stat.swimOneCm":24909,"stat.climbOneCm":946,"stat.entityKilledBy.mwc_terrorist":1,"stat.useItem.minecraft.dirt":95,"stat.useItem.minecraft.stone_slab2":68,"stat.pickup.minecraft.bow":2,"stat.pickup.minecraft.iron_boots":1,"stat.craftItem.minecraft.furnace":10,"stat.mineBlock.mwc.graphite_ore":5,"stat.useItem.minecraft.egg":15,"stat.craftItem.minecraft.stone_pickaxe":2,"stat.craftItem.minecraft.cooked_beef":4,"stat.pickup.minecraft.cobblestone":621,"stat.craftItem.minecraft.bow":1,"stat.useItem.minecraft.stone_shovel":125,"stat.flyOneCm":1209854,"stat.useItem.iceandfire.chared_stone":1,"stat.useItem.minecraft.cooked_beef":4,"stat.pickup.minecraft.redstone":14,"stat.mineBlock.minecraft.iron_ore":134,"stat.timeSinceDeath":25175,"stat.craftItem.mcheli.m151a2":2,"stat.pickup.minecraft.mutton":27,"stat.craftItem.minecraft.iron_block":3,"stat.killEntity.Bat":2,"stat.pickup.mwc.tin_ore":21,"stat.pickup.mwc.copper_ore":13,"stat.useItem.minecraft.cooked_porkchop":13,"stat.mineBlock.minecraft.coal_ore":127,"stat.pickup.minecraft.shield":2,"stat.killEntity.Creeper":2,"stat.pickup.minecraft.string":7,"stat.craftItem.minecraft.stone_slab2":0,"stat.sprintOneCm":618116,"stat.pickup.vampirism.vampire_blood_bottle":1,"stat.craftItem.minecraft.stick":80,"stat.pickup.ic2.resource":28,"stat.mineBlock.minecraft.crafting_table":1,"stat.mineBlock.minecraft.planks":6,"stat.drop":2,"stat.mineBlock.mwc.copper_ore":13,"stat.craftItem.minecraft.leather_chestplate":1,"stat.killEntity.Sheep":17,"stat.killEntity.Zombie":13,"stat.pickup.iceandfire.chared_dirt":1,"stat.diveOneCm":61169,"stat.pickup.minecraft.wheat":1,"stat.pickup.minecraft.gravel":21,"stat.craftItem.minecraft.cooked_porkchop":13,"stat.pickup.minecraft.stone_axe":1,"stat.useItem.minecraft.apple":1,"stat.useItem.minecraft.porkchop":1,"stat.jump":5847,"stat.pickup.minecraft.fence":2,"stat.pickup.minecraft.coal":127,"stat.pickup.minecraft.iron_helmet":2,"stat.useItem.minecraft.stone_axe":117,"stat.pickup.minecraft.gunpowder":11,"stat.pickup.iceandfire.chared_stone":2,"stat.pickup.minecraft.spider_eye":1,"stat.craftItem.minecraft.torch":164,"stat.pickup.minecraft.dirt":231,"stat.pickup.vampirism.vampire_fang":3,"stat.useItem.minecraft.cooked_chicken":26,"stat.pickup.minecraft.iron_ore":130,"stat.mineBlock.minecraft.glass_pane":1,"stat.pickup.minecraft.leather":25,"stat.damageTaken":4591,"stat.mineBlock.minecraft.furnace":1,"stat.mineBlock.minecraft.torch":15,"stat.useItem.minecraft.wooden_pickaxe":83,"stat.pickup.minecraft.bed":2,"stat.pickup.minecraft.potato":1,"stat.pickup.minecraft.oak_stairs":1,"stat.pickup.mwc.graphite_chunk":7,"stat.damageDealt":17731,"stat.pickup.iceandfire.chared_grass":1,"stat.craftItem.minecraft.glass":4,"stat.sleepInBed":4,"stat.killEntity.Cow":21,"stat.killEntity.Pig":8,"stat.craftItem.minecraft.iron_sword":1,"stat.craftItem.minecraft.stone_shovel":1,"stat.walkOneCm":506121,"stat.pickup.minecraft.stick":2,"stat.craftItem.mcheli.flak18":1,"stat.pickup.iceandfire.armor_gray_chestplate":1,"stat.pickup.minecraft.stone":82,"stat.killEntity.Skeleton":11,"stat.killEntity.Chicken":30,"stat.killEntity.Spider":10,"stat.pickup.mcheli.flak18":2,"stat.mobKills":133,"stat.mineBlock.minecraft.leaves":19,"stat.pickup.minecraft.beetroot_seeds":2,"stat.pickup.minecraft.torch":19,"stat.mineBlock.minecraft.redstone_ore":3,"stat.mineBlock.minecraft.stone":633}