{"stat.useItem.minecraft.bow":4,"stat.pickup.minecraft.bone":9,"stat.leaveGame":7,"stat.mineBlock.minecraft.cobblestone":56,"stat.pickup.mwc.sulfur_dust":32,"stat.mineBlock.minecraft.yellow_flower":2,"stat.killEntity.vampirism.vampire":4,"stat.swimOneCm":12432,"stat.climbOneCm":946,"stat.useItem.minecraft.planks":1,"stat.entityKilledBy.mwc_terrorist":1,"stat.pickup.minecraft.porkchop":11,"stat.useItem.minecraft.dirt":52,"stat.useItem.minecraft.stone_slab2":38,"stat.pickup.minecraft.bow":2,"stat.pickup.minecraft.iron_boots":1,"stat.pickup.minecraft.rotten_flesh":10,"stat.craftItem.minecraft.furnace":5,"stat.mineBlock.mwc.graphite_ore":3,"stat.useItem.minecraft.egg":14,"stat.craftItem.minecraft.stone_axe":1,"stat.craftItem.minecraft.stone_pickaxe":2,"stat.pickup.minecraft.cobblestone":346,"stat.useItem.minecraft.stone_shovel":81,"stat.craftItem.minecraft.stone_sword":2,"stat.flyOneCm":645855,"stat.useItem.iceandfire.chared_stone":1,"stat.mineBlock.minecraft.iron_ore":88,"stat.timeSinceDeath":32914,"stat.useItem.minecraft.iron_pickaxe":250,"stat.craftItem.minecraft.wooden_pickaxe":2,"stat.pickup.minecraft.mutton":27,"stat.drop.minecraft.cooked_mutton":1,"stat.pickup.minecraft.double_plant":2,"stat.killEntity.Bat":1,"stat.pickup.mwc.tin_ore":6,"stat.craftItem.minecraft.bed":1,"stat.pickup.mwc.copper_ore":7,"stat.furnaceInteraction":37,"stat.useItem.minecraft.cooked_porkchop":8,"stat.killEntity.ZombieVillager":1,"stat.mineBlock.minecraft.coal_ore":71,"stat.mineBlock.futuremc.cornflower":1,"stat.pickup.minecraft.shield":1,"stat.pickup.minecraft.string":4,"stat.pickup.minecraft.beef":19,"stat.pickup.minecraft.furnace":1,"stat.useItem.minecraft.cooked_mutton":7,"stat.craftItem.minecraft.stone_slab2":0,"stat.sprintOneCm":318943,"stat.pickup.minecraft.iron_chestplate":1,"stat.craftItem.minecraft.stick":56,"stat.pickup.ic2.resource":15,"stat.mineBlock.mwc.tin_ore":6,"stat.killEntity.mwc_terrorist":2,"stat.mineBlock.minecraft.fence":1,"stat.mineBlock.minecraft.crafting_table":1,"stat.mineBlock.minecraft.planks":5,"stat.deaths":4,"stat.drop":1,"stat.mineBlock.mwc.copper_ore":7,"stat.pickup.minecraft.egg":19,"stat.playOneMinute":133258,"stat.craftItem.minecraft.leather_chestplate":1,"stat.killEntity.Sheep":16,"stat.craftItem.minecraft.iron_pickaxe":1,"stat.killEntity.Zombie":7,"stat.pickup.iceandfire.chared_dirt":1,"stat.mineBlock.minecraft.tallgrass":61,"stat.craftItem.minecraft.cooked_mutton":10,"stat.diveOneCm":25384,"stat.pickup.minecraft.wheat":1,"stat.pickup.minecraft.cooked_mutton":1,"stat.chestOpened":4,"stat.mineBlock.mwc.sulfur_ore":10,"stat.pickup.minecraft.gravel":3,"stat.pickup.minecraft.arrow":7,"stat.craftItem.minecraft.cooked_porkchop":8,"stat.useItem.minecraft.apple":1,"stat.jump":2870,"stat.pickup.minecraft.fence":2,"stat.pickup.minecraft.cooked_chicken":2,"stat.pickup.minecraft.coal":71,"stat.pickup.minecraft.iron_helmet":1,"stat.fallOneCm":80066,"stat.useItem.minecraft.stone_axe":67,"stat.crouchOneCm":8145,"stat.pickup.iceandfire.chared_stone":2,"stat.pickup.minecraft.spider_eye":1,"stat.craftItem.minecraft.torch":120,"stat.craftItem.minecraft.iron_ingot":6,"stat.pickup.minecraft.dirt":129,"stat.pickup.vampirism.vampire_fang":3,"stat.useItem.minecraft.cooked_chicken":26,"stat.craftingTableInteraction":49,"stat.pickup.minecraft.iron_ore":83,"stat.mineBlock.ic2.resource":15,"stat.mineBlock.minecraft.glass_pane":1,"stat.pickup.minecraft.leather":11,"stat.pickup.minecraft.feather":33,"stat.damageTaken":3036,"stat.mineBlock.minecraft.furnace":1,"stat.mineBlock.minecraft.torch":5,"stat.useItem.minecraft.wooden_pickaxe":67,"stat.pickup.minecraft.planks":8,"stat.pickup.minecraft.iron_leggings":1,"stat.pickup.minecraft.bed":2,"stat.pickup.minecraft.wheat_seeds":23,"stat.pickup.minecraft.potato":1,"stat.pickup.minecraft.oak_stairs":1,"stat.pickup.mwc.graphite_chunk":5,"stat.mineBlock.minecraft.gravel":3,"stat.useItem.minecraft.stone_pickaxe":252,"stat.useItem.minecraft.stone_sword":229,"stat.damageDealt":10581,"stat.pickup.iceandfire.chared_grass":1,"stat.sleepInBed":3,"stat.killEntity.Cow":9,"stat.mineBlock.minecraft.dirt":106,"stat.killEntity.Pig":6,"stat.craftItem.minecraft.iron_sword":1,"stat.craftItem.minecraft.stone_shovel":1,"stat.walkOneCm":302678,"stat.useItem.minecraft.torch":61,"stat.pickup.mwc.m16a1":1,"stat.useItem.minecraft.log":1,"stat.pickup.minecraft.crafting_table":1,"stat.useItem.minecraft.cobblestone":91,"stat.craftItem.minecraft.crafting_table":12,"stat.mineBlock.minecraft.double_plant":4,"stat.pickup.minecraft.log":59,"stat.pickup.minecraft.stone":21,"stat.pickup.minecraft.chicken":30,"stat.pickup.minecraft.wooden_door":1,"stat.pickup.minecraft.apple":1,"stat.killEntity.Skeleton":8,"stat.pickup.mwc.m4a1":1,"stat.craftItem.minecraft.planks":168,"stat.useItem.minecraft.iron_sword":81,"stat.killEntity.Chicken":30,"stat.pickup.futuremc.cornflower":1,"stat.killEntity.Spider":5,"stat.mobKills":92,"stat.pickup.minecraft.book":1,"stat.mineBlock.minecraft.log":60,"stat.craftItem.minecraft.wooden_door":3,"stat.craftItem.minecraft.cooked_chicken":24,"stat.useItem.minecraft.wooden_door":2,"stat.mineBlock.minecraft.leaves":5,"stat.pickup.minecraft.beetroot_seeds":2,"stat.pickup.minecraft.torch":10,"stat.sneakTime":3757,"stat.pickup.minecraft.wool":17,"stat.mineBlock.minecraft.stone":307}