{"stat.useItem.minecraft.bow":6,"stat.leaveGame":20,"stat.pickup.mwc.sulfur_dust":48,"stat.pickup.iceandfire.armor_red_helmet":1,"stat.killEntity.vampirism.vampire":15,"stat.useItem.minecraft.mutton":6,"stat.useItem.minecraft.planks":2,"stat.craftItem.minecraft.shield":1,"stat.pickup.minecraft.porkchop":51,"stat.drop.minecraft.iron_sword":1,"stat.pickup.minecraft.rotten_flesh":31,"stat.pickup.minecraft.sand":12,"stat.craftItem.minecraft.stone_axe":1,"stat.pickup.iceandfire.troll_leather_forest":1,"stat.pickup.iceandfire.armor_red_chestplate":1,"stat.killEntity.Enderman":2,"stat.craftItem.minecraft.cobblestone_wall":6,"stat.craftItem.minecraft.stone_sword":3,"stat.craftItem.minecraft.iron_shovel":3,"stat.entityKilledBy.firedragon":5,"stat.mineBlock.minecraft.sand":11,"stat.pickup.iceandfire.ash":1,"stat.killEntity.Witch":1,"stat.pickup.iceandfire.armor_red_boots":1,"stat.useItem.minecraft.iron_pickaxe":2095,"stat.craftItem.minecraft.wooden_pickaxe":3,"stat.useItem.minecraft.iron_shovel":615,"stat.drop.minecraft.cooked_mutton":1,"stat.pickup.minecraft.double_plant":5,"stat.craftItem.minecraft.birch_door":3,"stat.craftItem.minecraft.bed":2,"stat.furnaceInteraction":162,"stat.entityKilledBy.if_troll":1,"stat.craftItem.ic2.te":1,"stat.killEntity.ZombieVillager":1,"stat.mineBlock.futuremc.cornflower":3,"stat.craftItem.minecraft.leather_helmet":4,"stat.mineBlock.mwc.lead_ore":30,"stat.pickup.minecraft.beef":100,"stat.pickup.minecraft.furnace":3,"stat.useItem.minecraft.cooked_mutton":21,"stat.pickup.iceandfire.troll_tusk":1,"stat.pickup.minecraft.iron_chestplate":1,"stat.useItem.minecraft.stone_stairs":12,"stat.mineBlock.mwc.tin_ore":25,"stat.killEntity.mwc_terrorist":12,"stat.pickup.minecraft.stone_stairs":2,"stat.pickup.futuremc.lily_of_the_valley":1,"stat.mineBlock.minecraft.fence":1,"stat.useItem.minecraft.beef":6,"stat.deaths":21,"stat.pickup.minecraft.egg":24,"stat.playOneMinute":663175,"stat.craftItem.minecraft.iron_pickaxe":9,"stat.craftItem.mcheli.87rcv":1,"stat.craftItem.mcheli.fuel":3,"stat.mineBlock.minecraft.tallgrass":239,"stat.craftItem.minecraft.cooked_mutton":21,"stat.pickup.minecraft.cooked_mutton":1,"stat.chestOpened":421,"stat.mineBlock.mwc.sulfur_ore":15,"stat.useItem.minecraft.stone":24,"stat.pickup.minecraft.arrow":34,"stat.pickup.minecraft.iron_sword":1,"stat.craftItem.minecraft.coal":6,"stat.drop.minecraft.iron_pickaxe":1,"stat.pickup.minecraft.cooked_chicken":2,"stat.fallOneCm":449642,"stat.craftItem.mcheli.flak18shield":1,"stat.crouchOneCm":82563,"stat.pickup.iceandfire.pixie_dust":3,"stat.mineBlock.minecraft.chest":1,"stat.craftItem.minecraft.iron_ingot":230,"stat.craftItem.minecraft.chest":3,"stat.craftingTableInteraction":148,"stat.mineBlock.ic2.resource":29,"stat.pickup.minecraft.feather":34,"stat.craftItem.minecraft.wooden_button":1,"stat.pickup.minecraft.planks":21,"stat.pickup.minecraft.iron_leggings":1,"stat.pickup.minecraft.wheat_seeds":50,"stat.mineBlock.minecraft.gravel":53,"stat.useItem.minecraft.stone_pickaxe":252,"stat.useItem.minecraft.stone_sword":243,"stat.mineBlock.minecraft.dirt":706,"stat.useItem.minecraft.torch":303,"stat.pickup.mwc.m16a1":3,"stat.mineBlock.iceandfire.silver_ore":2,"stat.drop.minecraft.rotten_flesh":2,"stat.craftItem.minecraft.stone_stairs":16,"stat.useItem.minecraft.log":1,"stat.pickup.minecraft.crafting_table":3,"stat.useItem.minecraft.cobblestone":944,"stat.craftItem.minecraft.crafting_table":30,"stat.useItem.minecraft.gravel":3,"stat.mineBlock.minecraft.double_plant":13,"stat.pickup.minecraft.log":166,"stat.pickup.mwc.lead_ore":29,"stat.pickup.minecraft.iron_pickaxe":1,"stat.craftItem.usefulbackpacks.backpack":1,"stat.pickup.minecraft.chicken":32,"stat.killEntity.vampirism.advanced_vampire":1,"stat.pickup.minecraft.sapling":13,"stat.pickup.minecraft.wooden_door":1,"stat.pickup.minecraft.apple":3,"stat.pickup.iceandfire.armor_gray_boots":1,"stat.useItem.minecraft.birch_door":2,"stat.pickup.mwc.m4a1":3,"stat.craftItem.minecraft.planks":612,"stat.useItem.minecraft.iron_sword":1080,"stat.pickup.futuremc.cornflower":3,"stat.pickup.advancedsticks.bough":1,"stat.pickup.minecraft.book":1,"stat.mineBlock.minecraft.log":164,"stat.craftItem.minecraft.wooden_door":9,"stat.craftItem.minecraft.cooked_chicken":24,"stat.useItem.minecraft.wooden_door":6,"stat.pickup.vampirism.human_heart":19,"stat.pickup.minecraft.red_flower":5,"stat.sneakTime":23115,"stat.pickup.minecraft.wool":18,"stat.pickup.minecraft.stone_slab":32,"stat.pickup.minecraft.yellow_flower":1,"stat.pickup.minecraft.chest":1,"stat.craftItem.mcheli.m151":2,"stat.pickup.minecraft.bone":33,"stat.useItem.minecraft.iron_axe":98,"stat.mineBlock.minecraft.cobblestone":188,"stat.pickup.mwc.m4a1mag_2":1,"stat.pickup.minecraft.flint":5,"stat.mineBlock.minecraft.yellow_flower":4,"stat.pickup.mcheli.flak18shield":2,"stat.swimOneCm":77930,"stat.climbOneCm":10049,"stat.entityKilledBy.mwc_terrorist":1,"stat.useItem.minecraft.dirt":323,"stat.useItem.minecraft.stone_slab2":131,"stat.pickup.minecraft.bow":4,"stat.pickup.minecraft.iron_boots":1,"stat.craftItem.minecraft.furnace":13,"stat.entityKilledBy.vampirism.vampire_hunter":1,"stat.mineBlock.mwc.graphite_ore":26,"stat.useItem.minecraft.egg":16,"stat.craftItem.minecraft.stone_pickaxe":2,"stat.craftItem.minecraft.cooked_beef":24,"stat.pickup.minecraft.cobblestone":1321,"stat.craftItem.minecraft.bow":7,"stat.useItem.minecraft.stone_shovel":125,"stat.flyOneCm":3216631,"stat.craftItem.minecraft.glass_bottle":6,"stat.useItem.iceandfire.chared_stone":1,"stat.useItem.minecraft.cooked_beef":27,"stat.pickup.minecraft.redstone":191,"stat.craftItem.minecraft.dispenser":6,"stat.mineBlock.minecraft.iron_ore":266,"stat.timeSinceDeath":77456,"stat.craftItem.mcheli.m151a2":2,"stat.drop.minecraft.spider_eye":1,"stat.pickup.minecraft.mutton":28,"stat.craftItem.minecraft.iron_block":12,"stat.killEntity.Bat":2,"stat.pickup.mwc.tin_ore":25,"stat.useItem.minecraft.potato":14,"stat.pickup.mwc.copper_ore":84,"stat.useItem.minecraft.cooked_porkchop":13,"stat.killEntity.vampirism.vampire_hunter":56,"stat.mineBlock.minecraft.coal_ore":322,"stat.pickup.minecraft.shield":2,"stat.killEntity.Creeper":17,"stat.pickup.minecraft.string":20,"stat.mineBlock.minecraft.ladder":3,"stat.craftItem.minecraft.stone_slab2":0,"stat.sprintOneCm":1771332,"stat.pickup.vampirism.vampire_blood_bottle":1,"stat.mineBlock.minecraft.stone_slab":37,"stat.craftItem.minecraft.stick":184,"stat.pickup.ic2.resource":29,"stat.useItem.minecraft.stone_slab":91,"stat.pickup.minecraft.grass":6,"stat.mineBlock.minecraft.crafting_table":2,"stat.entityKilledBy.Creeper":1,"stat.mineBlock.minecraft.planks":6,"stat.drop":7,"stat.mineBlock.mwc.copper_ore":84,"stat.craftItem.minecraft.leather_chestplate":1,"stat.killEntity.Sheep":18,"stat.useItem.minecraft.ladder":13,"stat.pickup.mcheli.oerlikon_20mm":6,"stat.killEntity.Zombie":32,"stat.craftItem.minecraft.dye":2,"stat.pickup.iceandfire.chared_dirt":1,"stat.pickup.iceandfire.troll_weapon.trunk":1,"stat.craftItem.mcheli.oerlikon_20mm":1,"stat.diveOneCm":150689,"stat.pickup.minecraft.wheat":2,"stat.craftItem.minecraft.ladder":15,"stat.pickup.minecraft.gravel":48,"stat.craftItem.minecraft.cooked_porkchop":13,"stat.pickup.minecraft.stone_axe":1,"stat.useItem.minecraft.apple":1,"stat.useItem.minecraft.porkchop":1,"stat.jump":14691,"stat.pickup.minecraft.fence":2,"stat.pickup.minecraft.coal":321,"stat.pickup.minecraft.iron_helmet":2,"stat.useItem.minecraft.stone_axe":117,"stat.pickup.minecraft.gunpowder":40,"stat.pickup.iceandfire.chared_stone":4,"stat.pickup.minecraft.spider_eye":6,"stat.craftItem.minecraft.torch":280,"stat.pickup.minecraft.dirt":768,"stat.pickup.vampirism.vampire_fang":5,"stat.pickup.mwc.remington870":2,"stat.useItem.minecraft.cooked_chicken":26,"stat.pickup.minecraft.iron_ore":262,"stat.craftItem.minecraft.flint_and_steel":1,"stat.mineBlock.minecraft.glass_pane":1,"stat.mineBlock.minecraft.leaves2":5,"stat.mineBlock.minecraft.stone_stairs":2,"stat.pickup.minecraft.leather":55,"stat.damageTaken":14457,"stat.useItem.iceandfire.troll_weapon.trunk":2,"stat.mineBlock.minecraft.furnace":2,"stat.mineBlock.minecraft.torch":31,"stat.mineBlock.minecraft.red_flower":4,"stat.useItem.minecraft.wooden_pickaxe":83,"stat.pickup.minecraft.reeds":4,"stat.pickup.minecraft.bed":2,"stat.pickup.minecraft.potato":25,"stat.pickup.minecraft.oak_stairs":1,"stat.pickup.mwc.graphite_chunk":42,"stat.damageDealt":58099,"stat.pickup.iceandfire.chared_grass":1,"stat.craftItem.minecraft.glass":11,"stat.sleepInBed":6,"stat.killEntity.if_pixie":2,"stat.killEntity.Cow":51,"stat.killEntity.Pig":21,"stat.craftItem.minecraft.iron_sword":3,"stat.craftItem.minecraft.stone_slab":78,"stat.craftItem.minecraft.stone_shovel":1,"stat.walkOneCm":1237714,"stat.useItem.minecraft.chest":2,"stat.pickup.minecraft.stick":2,"stat.craftItem.mcheli.flak18":2,"stat.pickup.iceandfire.armor_gray_chestplate":1,"stat.drop.mwc.remington870":1,"stat.craftItem.mcheli.sgrw34":1,"stat.pickup.minecraft.stone":159,"stat.pickup.minecraft.ender_pearl":2,"stat.pickup.minecraft.ladder":3,"stat.pickup.minecraft.cooked_beef":9,"stat.killEntity.Skeleton":36,"stat.pickup.vampirism.holy_salt":11,"stat.pickup.mwc.mg42":1,"stat.killEntity.Chicken":32,"stat.killEntity.Spider":23,"stat.pickup.mcheli.flak18":2,"stat.mobKills":341,"stat.pickup.iceandfire.armor_red_leggings":1,"stat.mineBlock.minecraft.leaves":58,"stat.pickup.minecraft.beetroot_seeds":2,"stat.pickup.minecraft.torch":39,"stat.mineBlock.minecraft.redstone_ore":44,"stat.craftItem.mwc.copper_ingot":54,"stat.pickup.mcheli.sgrw34":1,"stat.mineBlock.minecraft.stone":1318}