{"stat.leaveGame":7,"stat.useItem.advancedsticks.iron_stick_diamond_pickaxe":551,"stat.pickup.mwc.sulfur_dust":20,"stat.craftItem.minecraft.iron_axe":1,"stat.killEntity.vampirism.vampire":12,"stat.craftItem.minecraft.shield":2,"stat.useItem.minecraft.planks":10,"stat.craftItem.mwc.weapon_workbench":1,"stat.useItem.minecraft.water_bucket":29,"stat.pickup.minecraft.rotten_flesh":20,"stat.pickup.minecraft.sand":59,"stat.craftItem.minecraft.stone_axe":1,"stat.pickup.iceandfire.chared_cobblestone":1,"stat.pickup.advancedsticks.shrub_seeds":2,"stat.killEntity.Enderman":1,"stat.craftItem.minecraft.stone_sword":1,"stat.craftItem.minecraft.iron_shovel":1,"stat.entityKilledBy.firedragon":4,"stat.pickup.minecraft.brown_mushroom":4,"stat.mineBlock.minecraft.sand":59,"stat.pickup.iceandfire.ash":4,"stat.killEntity.Witch":1,"stat.craftItem.minecraft.cooked_fish":3,"stat.useItem.minecraft.iron_pickaxe":723,"stat.craftItem.minecraft.wooden_pickaxe":1,"stat.useItem.minecraft.iron_shovel":91,"stat.craftItem.minecraft.bed":3,"stat.craftItem.mwc.steel_ingot":2,"stat.useItem.minecraft.oak_stairs":5,"stat.furnaceInteraction":52,"stat.pickup.iceandfire.manuscript":12,"stat.craftItem.advancedsticks.iron_stick_iron_sword":1,"stat.craftItem.mwc.graphite_chunk":4,"stat.pickup.minecraft.beef":45,"stat.useItem.minecraft.cooked_mutton":18,"stat.pickup.minecraft.furnace":2,"stat.mineBlock.iceandfire.ash":1,"stat.killEntity.mwc_terrorist":4,"stat.pickup.futuremc.lily_of_the_valley":1,"stat.mineBlock.minecraft.fence":2,"stat.craftItem.mwc.steel_dust":2,"stat.mineBlock.ic2.leaves":13,"stat.mineBlock.minecraft.oak_stairs":9,"stat.deaths":9,"stat.pickup.minecraft.egg":5,"stat.playOneMinute":179124,"stat.craftItem.minecraft.iron_pickaxe":3,"stat.drop.minecraft.torch":1,"stat.mineBlock.minecraft.tallgrass":169,"stat.craftItem.minecraft.cooked_mutton":18,"stat.chestOpened":34,"stat.craftItem.futuremc.smoker":1,"stat.mineBlock.mwc.sulfur_ore":7,"stat.useItem.minecraft.stone":1,"stat.killEntity.mutantbeasts.creeper_minion":8,"stat.pickup.minecraft.waterlily":4,"stat.pickup.minecraft.arrow":4,"stat.drop.mwc.m16a1":1,"stat.pickup.minecraft.wooden_pressure_plate":2,"stat.pickup.minecraft.gold_nugget":38,"stat.fallOneCm":74089,"stat.drop.minecraft.stone":5,"stat.craftItem.ic2.treetap":1,"stat.pickup.minecraft.carrot":2,"stat.drop.minecraft.stone_sword":1,"stat.craftItem.advancedsticks.iron_stick_diamond_pickaxe":1,"stat.crouchOneCm":4956,"stat.mineBlock.minecraft.chest":1,"stat.craftItem.minecraft.iron_ingot":73,"stat.craftItem.minecraft.chest":5,"stat.craftingTableInteraction":53,"stat.mineBlock.minecraft.wooden_pressure_plate":2,"stat.pickup.iceandfire.silver_ore":3,"stat.mineBlock.ic2.resource":74,"stat.pickup.minecraft.wooden_pickaxe":1,"stat.pickup.minecraft.feather":10,"stat.useItem.minecraft.reeds":33,"stat.useItem.minecraft.furnace":1,"stat.pickup.minecraft.dye":37,"stat.pickup.minecraft.planks":18,"stat.pickup.minecraft.wheat_seeds":52,"stat.useItem.minecraft.stone_pickaxe":124,"stat.useItem.minecraft.stone_sword":66,"stat.pickup.advancedsticks.iron_stick_diamond_pickaxe":1,"stat.useItem.minecraft.wool":2,"stat.mineBlock.minecraft.dirt":106,"stat.useItem.minecraft.torch":51,"stat.pickup.mwc.m16a1":2,"stat.mineBlock.iceandfire.silver_ore":3,"stat.pickup.minecraft.crafting_table":5,"stat.useItem.minecraft.cobblestone":54,"stat.craftItem.minecraft.crafting_table":6,"stat.mineBlock.minecraft.double_plant":18,"stat.pickup.minecraft.log":77,"stat.useItem.minecraft.cooked_fish":3,"stat.drop.minecraft.chicken":1,"stat.drop.minecraft.planks":3,"stat.drop.minecraft.sapling":1,"stat.pickup.minecraft.chicken":8,"stat.killEntity.vampirism.advanced_vampire":1,"stat.pickup.minecraft.sapling":2,"stat.craftItem.minecraft.bucket":1,"stat.mineBlock.iceandfire.goldpile":8,"stat.craftItem.minecraft.planks":140,"stat.useItem.minecraft.iron_sword":316,"stat.pickup.futuremc.cornflower":1,"stat.pickup.advancedsticks.bough":1,"stat.pickup.mwc.ammo_press":1,"stat.pickup.minecraft.stone_sword":2,"stat.pickup.minecraft.book":20,"stat.mineBlock.minecraft.log":76,"stat.mineBlock.minecraft.waterlily":2,"stat.pickup.minecraft.red_flower":3,"stat.sneakTime":2517,"stat.pickup.minecraft.wool":29,"stat.pickup.ic2.sapling":1,"stat.pickup.minecraft.chest":1,"stat.pickup.minecraft.bone":14,"stat.craftItem.advancedsticks.stick_iron":3,"stat.useItem.minecraft.iron_axe":28,"stat.mineBlock.minecraft.cobblestone":5,"stat.mineBlock.minecraft.brown_mushroom":1,"stat.swimOneCm":35234,"stat.climbOneCm":1403,"stat.entityKilledBy.mwc_terrorist":2,"stat.drop.minecraft.cobblestone":3,"stat.useItem.minecraft.dirt":28,"stat.useItem.minecraft.stone_slab2":52,"stat.pickup.minecraft.iron_boots":1,"stat.craftItem.minecraft.furnace":3,"stat.useItem.minecraft.egg":2,"stat.craftItem.minecraft.iron_boots":2,"stat.craftItem.minecraft.stone_pickaxe":1,"stat.craftItem.minecraft.cooked_beef":30,"stat.pickup.minecraft.cobblestone":1025,"stat.craftItem.mwc.ammo_press":1,"stat.flyOneCm":654830,"stat.craftItem.ic2.ingot":46,"stat.pickup.minecraft.fish":3,"stat.drop.minecraft.wheat_seeds":29,"stat.useItem.minecraft.cooked_beef":22,"stat.pickup.minecraft.redstone":235,"stat.mineBlock.minecraft.iron_ore":86,"stat.timeSinceDeath":84028,"stat.drop.minecraft.log":1,"stat.pickup.minecraft.mutton":28,"stat.drop.advancedsticks.iron_stick_diamond_pickaxe":1,"stat.killEntity.Bat":2,"stat.pickup.mwc.copper_ore":2,"stat.useItem.minecraft.cooked_porkchop":3,"stat.mineBlock.minecraft.coal_ore":97,"stat.drop.minecraft.wool":1,"stat.killEntity.Creeper":5,"stat.pickup.minecraft.shield":2,"stat.talkedToVillager":6,"stat.pickup.minecraft.string":1,"stat.craftItem.minecraft.stone_slab2":0,"stat.killEntity.Squid":1,"stat.sprintOneCm":459362,"stat.craftItem.minecraft.stick":36,"stat.pickup.ic2.resource":75,"stat.mineBlock.minecraft.diamond_ore":8,"stat.mineBlock.minecraft.crafting_table":5,"stat.mineBlock.minecraft.planks":6,"stat.drop":49,"stat.mineBlock.mwc.copper_ore":3,"stat.useItem.advancedsticks.iron_stick_iron_sword":80,"stat.killEntity.Sheep":25,"stat.entityKilledBy.mutantbeasts.mutant_creeper":1,"stat.killEntity.Zombie":23,"stat.craftItem.securitycraft.universal_block_remover":1,"stat.pickup.iceandfire.chared_dirt":1,"stat.mineBlock.minecraft.gold_ore":8,"stat.diveOneCm":38788,"stat.drop.minecraft.wooden_pickaxe":1,"stat.craftItem.minecraft.cooked_porkchop":3,"stat.jump":3542,"stat.useItem.minecraft.sand":53,"stat.pickup.minecraft.fence":2,"stat.pickup.minecraft.coal":103,"stat.useItem.minecraft.stone_axe":87,"stat.pickup.minecraft.gunpowder":10,"stat.craftItem.minecraft.torch":52,"stat.pickup.minecraft.dirt":100,"stat.craftItem.minecraft.iron_helmet":1,"stat.pickup.vampirism.vampire_fang":2,"stat.pickup.mwc.remington870":1,"stat.pickup.minecraft.iron_ore":86,"stat.pickup.minecraft.gold_ore":8,"stat.mineBlock.minecraft.lapis_ore":6,"stat.damageTaken":4910,"stat.pickup.minecraft.leather":17,"stat.mineBlock.minecraft.red_flower":2,"stat.mineBlock.minecraft.furnace":2,"stat.mineBlock.minecraft.torch":5,"stat.useItem.minecraft.wooden_pickaxe":25,"stat.pickup.minecraft.reeds":100,"stat.pickup.minecraft.bed":3,"stat.pickup.minecraft.potato":10,"stat.pickup.minecraft.oak_stairs":10,"stat.damageDealt":20013,"stat.sleepInBed":6,"stat.killEntity.Cow":22,"stat.mineBlock.iceandfire.chared_dirt":2,"stat.craftItem.minecraft.iron_sword":1,"stat.walkOneCm":360711,"stat.useItem.minecraft.chest":1,"stat.pickup.minecraft.stick":3,"stat.pickup.minecraft.stone":91,"stat.craftItem.minecraft.iron_chestplate":2,"stat.mineBlock.minecraft.wool":2,"stat.pickup.minecraft.ender_pearl":1,"stat.killEntity.futuremc:salmon":3,"stat.pickup.minecraft.cooked_beef":4,"stat.killEntity.Skeleton":8,"stat.killEntity.Chicken":4,"stat.killEntity.Spider":2,"stat.mobKills":128,"stat.mineBlock.minecraft.bookshelf":7,"stat.craftItem.minecraft.shears":1,"stat.pickup.minecraft.diamond":8,"stat.mineBlock.minecraft.leaves":3,"stat.pickup.minecraft.torch":13,"stat.mineBlock.minecraft.redstone_ore":55,"stat.mineBlock.mwc.ammo_press":1,"stat.craftItem.mwc.copper_ingot":2,"stat.mineBlock.minecraft.stone":1062}