{"stat.pickup.iceandfire.fire_dragon_flesh":28,"stat.leaveGame":11,"stat.drop.iceandfire.armor_red_chestplate":1,"stat.useItem.advancedsticks.iron_stick_diamond_pickaxe":726,"stat.pickup.mwc.sulfur_dust":64,"stat.craftItem.minecraft.iron_axe":1,"stat.killEntity.vampirism.vampire":24,"stat.killEntity.mutantbeasts.mutant_skeleton":3,"stat.pickup.mutantbeasts.mutant_skeleton_pelvis":2,"stat.drop.mwc.m4a1mag_2":2,"stat.craftItem.minecraft.shield":2,"stat.useItem.minecraft.planks":10,"stat.craftItem.mwc.weapon_workbench":1,"stat.useItem.minecraft.water_bucket":29,"stat.pickup.minecraft.rotten_flesh":39,"stat.pickup.minecraft.sand":59,"stat.craftItem.minecraft.stone_axe":1,"stat.pickup.iceandfire.chared_cobblestone":29,"stat.pickup.advancedsticks.shrub_seeds":5,"stat.killEntity.Enderman":7,"stat.craftItem.minecraft.stone_sword":2,"stat.craftItem.minecraft.iron_shovel":1,"stat.entityKilledBy.firedragon":4,"stat.pickup.minecraft.brown_mushroom":4,"stat.mineBlock.minecraft.sand":59,"stat.pickup.iceandfire.ash":4,"stat.killEntity.Witch":4,"stat.craftItem.minecraft.cooked_fish":3,"stat.craftItem.iceandfire.silver_ingot":3,"stat.useItem.minecraft.iron_pickaxe":736,"stat.pickup.securitycraft.universal_block_remover":1,"stat.craftItem.minecraft.wooden_pickaxe":2,"stat.useItem.minecraft.iron_shovel":91,"stat.pickup.minecraft.double_plant":5,"stat.craftItem.minecraft.bed":3,"stat.craftItem.mwc.steel_ingot":2,"stat.useItem.minecraft.oak_stairs":5,"stat.furnaceInteraction":71,"stat.craftItem.ic2.te":1,"stat.killEntity.ZombieVillager":1,"stat.pickup.iceandfire.dragon_skull":2,"stat.mineBlock.futuremc.cornflower":2,"stat.pickup.iceandfire.manuscript":12,"stat.craftItem.advancedsticks.iron_stick_iron_sword":1,"stat.craftItem.mwc.graphite_chunk":4,"stat.mineBlock.mwc.lead_ore":1,"stat.pickup.minecraft.beef":66,"stat.useItem.minecraft.cooked_mutton":20,"stat.pickup.minecraft.furnace":2,"stat.mineBlock.iceandfire.ash":1,"stat.killEntity.mwc_terrorist":13,"stat.pickup.futuremc.lily_of_the_valley":1,"stat.mineBlock.minecraft.fence":2,"stat.craftItem.mwc.steel_dust":2,"stat.mineBlock.ic2.leaves":13,"stat.pickup.minecraft.emerald":1,"stat.mineBlock.minecraft.oak_stairs":9,"stat.deaths":13,"stat.pickup.minecraft.egg":6,"stat.playOneMinute":406853,"stat.drop.minecraft.string":2,"stat.craftItem.minecraft.iron_pickaxe":3,"stat.drop.minecraft.torch":1,"stat.craftItem.mutantbeasts.mutant_skeleton_arms":1,"stat.mineBlock.minecraft.tallgrass":236,"stat.craftItem.minecraft.cooked_mutton":20,"stat.chestOpened":121,"stat.craftItem.futuremc.smoker":1,"stat.mineBlock.mwc.sulfur_ore":25,"stat.useItem.minecraft.stone":7,"stat.killEntity.mutantbeasts.creeper_minion":8,"stat.drop.mwc.mg42":1,"stat.pickup.minecraft.waterlily":4,"stat.pickup.minecraft.arrow":40,"stat.craftItem.iceandfire.armor_red_helmet":1,"stat.drop.mwc.m16a1":1,"stat.pickup.minecraft.wooden_pressure_plate":2,"stat.craftItem.iceandfire.armor_red_leggings":1,"stat.pickup.minecraft.gold_nugget":38,"stat.fallOneCm":129780,"stat.drop.minecraft.stone":5,"stat.craftItem.ic2.treetap":1,"stat.pickup.mutantbeasts.mutant_skeleton_shoulder_pad":3,"stat.pickup.minecraft.carrot":2,"stat.drop.minecraft.stone_sword":1,"stat.pickup.mutantbeasts.mutant_skeleton_skull":2,"stat.craftItem.advancedsticks.iron_stick_diamond_pickaxe":1,"stat.crouchOneCm":7362,"stat.mineBlock.minecraft.chest":2,"stat.craftItem.minecraft.iron_ingot":73,"stat.craftItem.minecraft.chest":6,"stat.craftingTableInteraction":71,"stat.mineBlock.minecraft.wooden_pressure_plate":2,"stat.pickup.iceandfire.silver_ore":8,"stat.mineBlock.ic2.resource":92,"stat.craftItem.iceandfire.armor_gray_leggings":1,"stat.pickup.minecraft.wooden_pickaxe":1,"stat.drop.minecraft.double_plant":1,"stat.pickup.minecraft.feather":10,"stat.useItem.minecraft.reeds":33,"stat.useItem.minecraft.furnace":1,"stat.pickup.iceandfire.dragonscales_red":162,"stat.pickup.minecraft.dye":37,"stat.pickup.minecraft.planks":18,"stat.pickup.minecraft.iron_leggings":1,"stat.pickup.minecraft.wheat_seeds":61,"stat.useItem.minecraft.stone_pickaxe":205,"stat.useItem.minecraft.stone_sword":69,"stat.pickup.advancedsticks.iron_stick_diamond_pickaxe":1,"stat.useItem.minecraft.wool":2,"stat.craftItem.iceandfire.armor_gray_boots":2,"stat.mineBlock.minecraft.dirt":126,"stat.pickup.minecraft.poisonous_potato":1,"stat.useItem.minecraft.torch":123,"stat.pickup.mwc.m16a1":3,"stat.mineBlock.iceandfire.silver_ore":8,"stat.pickup.minecraft.crafting_table":5,"stat.useItem.minecraft.cobblestone":136,"stat.craftItem.minecraft.crafting_table":7,"stat.mineBlock.minecraft.double_plant":22,"stat.pickup.minecraft.log":94,"stat.useItem.minecraft.cooked_fish":3,"stat.drop.minecraft.chicken":1,"stat.craftItem.usefulbackpacks.backpack":1,"stat.drop.minecraft.planks":3,"stat.drop.minecraft.sapling":1,"stat.pickup.minecraft.chicken":8,"stat.killEntity.vampirism.advanced_vampire":1,"stat.pickup.minecraft.sapling":2,"stat.pickup.iceandfire.dragonscales_gray":36,"stat.drop.minecraft.bow":2,"stat.pickup.mwc.m4a1":1,"stat.craftItem.minecraft.bucket":1,"stat.mineBlock.iceandfire.goldpile":8,"stat.craftItem.minecraft.planks":172,"stat.useItem.minecraft.iron_sword":316,"stat.pickup.futuremc.cornflower":3,"stat.pickup.advancedsticks.bough":1,"stat.pickup.mwc.ammo_press":1,"stat.pickup.minecraft.stone_sword":2,"stat.drop.securitycraft.universal_block_remover":1,"stat.pickup.minecraft.book":42,"stat.mineBlock.minecraft.log":88,"stat.mineBlock.minecraft.waterlily":2,"stat.pickup.iceandfire.dragonbone":42,"stat.pickup.vampirism.altar_infusion":1,"stat.killEntity.mutantbeasts.mutant_enderman":2,"stat.pickup.minecraft.red_flower":3,"stat.pickup.mutantbeasts.mutant_skeleton_limb":11,"stat.sneakTime":3779,"stat.pickup.minecraft.wool":29,"stat.pickup.ic2.sapling":1,"stat.pickup.minecraft.chest":2,"stat.pickup.minecraft.bone":68,"stat.craftItem.advancedsticks.stick_iron":3,"stat.useItem.minecraft.iron_axe":48,"stat.drop.as_extraresources.platinum_stick_wood_sword":1,"stat.mineBlock.minecraft.cobblestone":9,"stat.mineBlock.minecraft.brown_mushroom":1,"stat.swimOneCm":45719,"stat.climbOneCm":1403,"stat.entityKilledBy.mwc_terrorist":2,"stat.drop.minecraft.cobblestone":3,"stat.drop.mcheli.f16c":1,"stat.pickup.vampirism.blood_bottle":23,"stat.useItem.minecraft.dirt":29,"stat.useItem.minecraft.stone_slab2":761,"stat.pickup.minecraft.bow":4,"stat.pickup.minecraft.iron_boots":1,"stat.craftItem.minecraft.furnace":3,"stat.useItem.minecraft.egg":2,"stat.craftItem.minecraft.iron_boots":2,"stat.craftItem.minecraft.stone_pickaxe":2,"stat.craftItem.minecraft.cooked_beef":51,"stat.pickup.minecraft.cobblestone":1186,"stat.pickup.mutantbeasts.mutant_skeleton_rib":9,"stat.craftItem.mwc.ammo_press":1,"stat.flyOneCm":1757149,"stat.craftItem.ic2.ingot":51,"stat.pickup.minecraft.fish":3,"stat.drop.minecraft.wheat_seeds":31,"stat.useItem.minecraft.cooked_beef":42,"stat.pickup.minecraft.redstone":236,"stat.mineBlock.minecraft.iron_ore":117,"stat.timeSinceDeath":69245,"stat.drop.minecraft.log":1,"stat.pickup.minecraft.mutton":28,"stat.drop.iceandfire.armor_gray_boots":1,"stat.drop.advancedsticks.iron_stick_diamond_pickaxe":1,"stat.killEntity.Bat":2,"stat.drop.minecraft.coal":2,"stat.useItem.minecraft.potato":22,"stat.pickup.mwc.copper_ore":6,"stat.drop.minecraft.dirt":12,"stat.useItem.minecraft.cooked_porkchop":3,"stat.pickup.minecraft.iron_shovel":1,"stat.killEntity.vampirism.vampire_hunter":1,"stat.mineBlock.minecraft.coal_ore":130,"stat.drop.minecraft.wool":1,"stat.killEntity.Creeper":31,"stat.pickup.minecraft.shield":2,"stat.talkedToVillager":7,"stat.pickup.minecraft.string":23,"stat.craftItem.iceandfire.armor_red_chestplate":1,"stat.entityKilledBy.Skeleton":1,"stat.craftItem.minecraft.stone_slab2":0,"stat.killEntity.Squid":1,"stat.sprintOneCm":1007509,"stat.pickup.vampirism.vampire_blood_bottle":1,"stat.craftItem.minecraft.stick":52,"stat.drop.ic2.nuclear":1,"stat.pickup.ic2.resource":99,"stat.mineBlock.minecraft.diamond_ore":8,"stat.pickup.minecraft.grass":1,"stat.mineBlock.minecraft.crafting_table":5,"stat.craftItem.iceandfire.armor_gray_chestplate":2,"stat.craftItem.iceandfire.armor_gray_helmet":1,"stat.entityKilledBy.Creeper":1,"stat.useItem.as_extraresources.refined_iron_stick_diamond_sword":83,"stat.mineBlock.minecraft.planks":6,"stat.drop":90,"stat.mineBlock.mwc.copper_ore":7,"stat.useItem.advancedsticks.iron_stick_iron_sword":387,"stat.killEntity.Sheep":25,"stat.entityKilledBy.mutantbeasts.mutant_creeper":1,"stat.killEntity.Zombie":57,"stat.craftItem.securitycraft.universal_block_remover":1,"stat.pickup.iceandfire.chared_dirt":2,"stat.mineBlock.minecraft.gold_ore":15,"stat.diveOneCm":52608,"stat.pickup.iceandfire.dragonegg_bronze":2,"stat.drop.minecraft.wooden_pickaxe":1,"stat.pickup.minecraft.gravel":1,"stat.craftItem.minecraft.cooked_porkchop":3,"stat.pickup.ic2.te":4,"stat.jump":7022,"stat.useItem.minecraft.sand":53,"stat.pickup.minecraft.fence":2,"stat.pickup.minecraft.coal":138,"stat.pickup.minecraft.iron_ingot":16,"stat.useItem.minecraft.stone_axe":87,"stat.pickup.minecraft.gunpowder":33,"stat.drop.mcheli.b-2a":1,"stat.pickup.iceandfire.chared_stone":16,"stat.pickup.minecraft.spider_eye":3,"stat.craftItem.minecraft.torch":72,"stat.pickup.minecraft.dirt":199,"stat.craftItem.minecraft.iron_helmet":1,"stat.pickup.vampirism.vampire_fang":4,"stat.pickup.mwc.remington870":2,"stat.pickup.minecraft.iron_ore":116,"stat.pickup.iceandfire.fire_dragon_heart":2,"stat.pickup.minecraft.gold_ore":15,"stat.mineBlock.minecraft.lapis_ore":6,"stat.killEntity.mutantbeasts.mutant_creeper":4,"stat.damageTaken":7296,"stat.pickup.minecraft.leather":26,"stat.mineBlock.minecraft.red_flower":2,"stat.mineBlock.minecraft.furnace":2,"stat.mineBlock.minecraft.torch":11,"stat.useItem.minecraft.wooden_pickaxe":35,"stat.drop.mutantbeasts.mutant_skeleton_shoulder_pad":1,"stat.pickup.minecraft.ender_eye":10,"stat.pickup.minecraft.reeds":100,"stat.craftItem.mutantbeasts.mutant_skeleton_chestplate":1,"stat.pickup.minecraft.bed":3,"stat.pickup.minecraft.potato":75,"stat.pickup.minecraft.oak_stairs":10,"stat.entityKilledBy.Zombie":1,"stat.damageDealt":40588,"stat.sleepInBed":8,"stat.useItem.ic2.resource":2,"stat.killEntity.Cow":35,"stat.mineBlock.iceandfire.chared_dirt":2,"stat.craftItem.minecraft.iron_sword":1,"stat.walkOneCm":802761,"stat.useItem.minecraft.chest":1,"stat.mineBlock.ic2.te":4,"stat.craftItem.as_extraresources.obsidian_stick_diamond_pickaxe":1,"stat.pickup.minecraft.stick":3,"stat.drop.ic2.resource":3,"stat.pickup.minecraft.stone":109,"stat.craftItem.minecraft.iron_chestplate":2,"stat.mineBlock.minecraft.wool":2,"stat.killEntity.if_troll":2,"stat.pickup.minecraft.ender_pearl":19,"stat.killEntity.futuremc:salmon":3,"stat.pickup.minecraft.cooked_beef":4,"stat.pickup.minecraft.gold_ingot":6,"stat.killEntity.Skeleton":52,"stat.craftItem.mutantbeasts.mutant_skeleton_rib_cage":1,"stat.killEntity.Chicken":4,"stat.drop.minecraft.crafting_table":1,"stat.killEntity.Spider":22,"stat.craftItem.iceandfire.armor_red_boots":1,"stat.mobKills":331,"stat.mineBlock.minecraft.bookshelf":14,"stat.craftItem.minecraft.shears":1,"stat.pickup.minecraft.diamond":8,"stat.mineBlock.minecraft.leaves":5,"stat.pickup.minecraft.torch":30,"stat.mineBlock.minecraft.redstone_ore":55,"stat.mineBlock.mwc.ammo_press":1,"stat.craftItem.mwc.copper_ingot":2,"stat.drop.minecraft.beef":1,"stat.killEntity.firedragon":4,"stat.drop.mutantbeasts.mutant_skeleton_limb":6,"stat.mineBlock.minecraft.stone":1210}