{"stat.beaconInteraction":2,"stat.pickup.iceandfire.fire_dragon_flesh":28,"stat.leaveGame":13,"stat.drop.iceandfire.armor_red_chestplate":1,"stat.useItem.advancedsticks.iron_stick_diamond_pickaxe":726,"stat.killEntity.vampirism.vampire":27,"stat.pickup.mutantbeasts.mutant_skeleton_pelvis":3,"stat.craftItem.minecraft.shield":2,"stat.craftItem.mwc.weapon_workbench":1,"stat.pickup.minecraft.rotten_flesh":67,"stat.craftItem.minecraft.stone_axe":1,"stat.pickup.iceandfire.chared_cobblestone":29,"stat.pickup.advancedsticks.shrub_seeds":6,"stat.killEntity.Enderman":7,"stat.drop.simpleplanes.shooter":1,"stat.craftItem.minecraft.iron_shovel":1,"stat.pickup.minecraft.brown_mushroom":4,"stat.killEntity.Witch":5,"stat.killEntity.Villager":1,"stat.craftItem.iceandfire.silver_ingot":3,"stat.useItem.minecraft.iron_pickaxe":736,"stat.pickup.securitycraft.universal_block_remover":1,"stat.craftItem.minecraft.wooden_pickaxe":2,"stat.useItem.minecraft.iron_shovel":91,"stat.pickup.minecraft.double_plant":6,"stat.craftItem.minecraft.bed":3,"stat.drop.mcheli.ah-64":1,"stat.furnaceInteraction":72,"stat.craftItem.ic2.te":1,"stat.killEntity.ZombieVillager":1,"stat.pickup.iceandfire.manuscript":12,"stat.craftItem.mwc.graphite_chunk":4,"stat.mineBlock.mwc.lead_ore":1,"stat.pickup.minecraft.beef":91,"stat.mineBlock.vampirism.altar_infusion":2,"stat.mineBlock.minecraft.fence":2,"stat.mineBlock.ic2.leaves":13,"stat.pickup.minecraft.emerald":1,"stat.deaths":13,"stat.pickup.minecraft.egg":7,"stat.craftItem.minecraft.iron_pickaxe":3,"stat.drop.minecraft.torch":1,"stat.craftItem.mutantbeasts.mutant_skeleton_arms":1,"stat.mineBlock.minecraft.tallgrass":238,"stat.craftItem.minecraft.cooked_mutton":20,"stat.chestOpened":167,"stat.mineBlock.mwc.sulfur_ore":25,"stat.useItem.minecraft.stone":7,"stat.killEntity.mutantbeasts.creeper_minion":8,"stat.drop.mwc.mg42":1,"stat.pickup.minecraft.arrow":45,"stat.drop.mwc.m16a1":1,"stat.pickup.minecraft.wooden_pressure_plate":2,"stat.craftItem.iceandfire.armor_red_leggings":1,"stat.pickup.minecraft.gold_nugget":38,"stat.pickup.mutantbeasts.mutant_skeleton_shoulder_pad":5,"stat.drop.simpleplanes.bop_magic_helicopter":1,"stat.pickup.minecraft.carrot":2,"stat.drop.minecraft.stone_sword":1,"stat.pickup.mutantbeasts.mutant_skeleton_skull":4,"stat.craftItem.advancedsticks.iron_stick_diamond_pickaxe":1,"stat.crouchOneCm":15597,"stat.mineBlock.minecraft.chest":2,"stat.craftItem.minecraft.iron_ingot":82,"stat.craftingTableInteraction":74,"stat.mineBlock.minecraft.wooden_pressure_plate":2,"stat.pickup.iceandfire.silver_ore":8,"stat.pickup.minecraft.wooden_pickaxe":1,"stat.drop.minecraft.double_plant":1,"stat.useItem.minecraft.reeds":33,"stat.pickup.minecraft.dye":37,"stat.pickup.minecraft.planks":21,"stat.pickup.minecraft.wheat_seeds":69,"stat.mineBlock.minecraft.dirt":126,"stat.pickup.minecraft.poisonous_potato":1,"stat.mineBlock.iceandfire.silver_ore":8,"stat.drop.minecraft.rotten_flesh":2,"stat.useItem.securitycraft.reinforced_glass_block":506,"stat.useItem.minecraft.cobblestone":287,"stat.mineBlock.minecraft.double_plant":22,"stat.drop.minecraft.chicken":1,"stat.drop.minecraft.sapling":1,"stat.pickup.minecraft.chicken":8,"stat.killEntity.vampirism.advanced_vampire":1,"stat.pickup.simpleplanes.furnace_engine":1,"stat.craftItem.minecraft.bucket":1,"stat.craftItem.minecraft.planks":172,"stat.useItem.minecraft.iron_sword":316,"stat.pickup.futuremc.cornflower":7,"stat.itemEnchanted":10,"stat.drop.futuremc.cornflower":3,"stat.pickup.advancedsticks.bough":1,"stat.pickup.mwc.ammo_press":1,"stat.pickup.minecraft.stone_sword":2,"stat.pickup.minecraft.book":42,"stat.mineBlock.minecraft.log":88,"stat.mineBlock.minecraft.waterlily":2,"stat.pickup.iceandfire.dragonbone":42,"stat.pickup.vampirism.altar_infusion":3,"stat.pickup.minecraft.red_flower":4,"stat.pickup.mutantbeasts.mutant_skeleton_limb":22,"stat.pickup.minecraft.wool":29,"stat.drop.securitycraft.reinforced_glass_block":1,"stat.drop.minecraft.grass":1,"stat.craftItem.advancedsticks.stick_iron":3,"stat.useItem.minecraft.iron_axe":48,"stat.drop.as_extraresources.platinum_stick_wood_sword":1,"stat.mineBlock.minecraft.cobblestone":9,"stat.drop.minecraft.beacon":1,"stat.entityKilledBy.mwc_terrorist":2,"stat.drop.minecraft.cobblestone":3,"stat.drop.mcheli.12.7s":2,"stat.pickup.vampirism.blood_bottle":40,"stat.useItem.minecraft.stone_slab2":1884,"stat.pickup.minecraft.bow":4,"stat.pickup.minecraft.iron_boots":1,"stat.killEntity.deathworm":9,"stat.drop.mcheli.fim92":1,"stat.craftItem.minecraft.furnace":3,"stat.drop.mcheli.mim-23":1,"stat.useItem.minecraft.egg":2,"stat.craftItem.minecraft.iron_boots":2,"stat.craftItem.minecraft.cooked_beef":51,"stat.pickup.mutantbeasts.mutant_skeleton_rib":18,"stat.craftItem.mwc.ammo_press":1,"stat.flyOneCm":3463820,"stat.pickup.minecraft.fish":3,"stat.timeSinceDeath":395074,"stat.drop.iceandfire.armor_gray_boots":1,"stat.drop.advancedsticks.iron_stick_diamond_pickaxe":1,"stat.killEntity.Bat":2,"stat.pickup.mwc.mg42mag_2":18,"stat.useItem.minecraft.potato":22,"stat.pickup.mwc.copper_ore":6,"stat.mineBlock.minecraft.coal_ore":130,"stat.drop.minecraft.wool":1,"stat.killEntity.Creeper":32,"stat.pickup.minecraft.shield":2,"stat.talkedToVillager":7,"stat.pickup.minecraft.string":23,"stat.mineBlock.vampirism.altar_pillar":1,"stat.entityKilledBy.Skeleton":1,"stat.killEntity.Squid":2,"stat.sprintOneCm":1398134,"stat.pickup.vampirism.vampire_blood_bottle":1,"stat.drop.ic2.nuclear":1,"stat.pickup.ic2.resource":99,"stat.mineBlock.minecraft.diamond_ore":8,"stat.craftItem.iceandfire.armor_gray_helmet":1,"stat.pickup.minecraft.sugar":2,"stat.useItem.advancedsticks.iron_stick_iron_sword":387,"stat.pickup.mwc.desert_eagle":1,"stat.pickup.mwc.deserteaglemag":12,"stat.killEntity.Zombie":61,"stat.pickup.iceandfire.chared_dirt":2,"stat.mineBlock.minecraft.gold_ore":15,"stat.diveOneCm":73329,"stat.pickup.simpleplanes.booster":1,"stat.pickup.iceandfire.dragonegg_bronze":2,"stat.drop.minecraft.bookshelf":1,"stat.craftItem.minecraft.cooked_porkchop":3,"stat.pickup.ic2.te":4,"stat.jump":8973,"stat.useItem.minecraft.sand":54,"stat.pickup.minecraft.coal":138,"stat.pickup.minecraft.iron_ingot":69,"stat.killEntity.vampirism.hunter_trainer":1,"stat.pickup.minecraft.gunpowder":71,"stat.pickup.iceandfire.chared_stone":16,"stat.craftItem.minecraft.torch":72,"stat.drop.simpleplanes.floaty_bedding":1,"stat.pickup.minecraft.dirt":298,"stat.pickup.iceandfire.fire_dragon_heart":2,"stat.drop.minecraft.enchanting_table":1,"stat.pickup.minecraft.gold_ore":15,"stat.mineBlock.minecraft.lapis_ore":6,"stat.damageTaken":8071,"stat.mineBlock.minecraft.red_flower":2,"stat.mineBlock.minecraft.torch":11,"stat.pickup.minecraft.ender_eye":10,"stat.craftItem.mutantbeasts.mutant_skeleton_chestplate":1,"stat.pickup.minecraft.bed":4,"stat.pickup.minecraft.potato":75,"stat.entityKilledBy.Zombie":1,"stat.useItem.minecraft.chest":1,"stat.drop.ic2.resource":3,"stat.craftItem.minecraft.iron_chestplate":2,"stat.killEntity.if_troll":2,"stat.pickup.minecraft.ender_pearl":19,"stat.pickup.minecraft.cooked_beef":4,"stat.craftItem.mutantbeasts.mutant_skeleton_rib_cage":1,"stat.mobKills":408,"stat.mineBlock.minecraft.bookshelf":14,"stat.craftItem.minecraft.shears":1,"stat.pickup.minecraft.diamond":8,"stat.pickup.minecraft.torch":37,"stat.killEntity.firedragon":5,"stat.pickup.mwc.sulfur_dust":64,"stat.craftItem.minecraft.iron_axe":1,"stat.killEntity.mutantbeasts.mutant_skeleton":6,"stat.drop.mwc.m4a1mag_2":2,"stat.useItem.as_extraresources.obsidian_stick_diamond_pickaxe":18,"stat.useItem.minecraft.planks":10,"stat.pickup.minecraft.porkchop":6,"stat.useItem.minecraft.water_bucket":29,"stat.pickup.minecraft.sand":64,"stat.craftItem.minecraft.stone_sword":2,"stat.entityKilledBy.firedragon":4,"stat.mineBlock.minecraft.sand":59,"stat.pickup.iceandfire.ash":4,"stat.craftItem.minecraft.cooked_fish":3,"stat.drop.simpleplanes.sprayer":1,"stat.craftItem.mwc.steel_ingot":2,"stat.drop.mcheli.gltd":1,"stat.useItem.minecraft.oak_stairs":5,"stat.pickup.iceandfire.dragon_skull":2,"stat.mineBlock.futuremc.cornflower":2,"stat.craftItem.advancedsticks.iron_stick_iron_sword":1,"stat.useItem.minecraft.cooked_mutton":20,"stat.pickup.minecraft.furnace":2,"stat.mineBlock.iceandfire.ash":1,"stat.pickup.mcheli.12.7s":1,"stat.killEntity.mwc_terrorist":14,"stat.pickup.futuremc.lily_of_the_valley":1,"stat.craftItem.mwc.steel_dust":2,"stat.mineBlock.minecraft.oak_stairs":9,"stat.playOneMinute":732682,"stat.drop.minecraft.string":2,"stat.drop.simpleplanes.junk_engine":1,"stat.drop.ic2.drill":1,"stat.craftItem.futuremc.smoker":1,"stat.pickup.minecraft.waterlily":4,"stat.craftItem.iceandfire.armor_red_helmet":1,"stat.fallOneCm":180041,"stat.drop.minecraft.stone":5,"stat.craftItem.ic2.treetap":1,"stat.craftItem.minecraft.chest":6,"stat.mineBlock.ic2.resource":92,"stat.craftItem.iceandfire.armor_gray_leggings":1,"stat.pickup.minecraft.feather":10,"stat.useItem.minecraft.furnace":1,"stat.pickup.iceandfire.dragonscales_red":162,"stat.pickup.minecraft.iron_leggings":1,"stat.useItem.minecraft.stone_pickaxe":205,"stat.useItem.minecraft.stone_sword":69,"stat.pickup.advancedsticks.iron_stick_diamond_pickaxe":1,"stat.useItem.minecraft.wool":2,"stat.craftItem.iceandfire.armor_gray_boots":2,"stat.useItem.minecraft.torch":134,"stat.pickup.mwc.m16a1":3,"stat.pickup.minecraft.crafting_table":5,"stat.craftItem.minecraft.crafting_table":7,"stat.pickup.minecraft.log":97,"stat.useItem.minecraft.cooked_fish":3,"stat.craftItem.usefulbackpacks.backpack":1,"stat.drop.minecraft.planks":3,"stat.pickup.minecraft.sapling":2,"stat.pickup.iceandfire.dragonscales_gray":36,"stat.drop.minecraft.bow":2,"stat.pickup.mwc.m4a1":1,"stat.pickup.vampirism.altar_pillar":1,"stat.mineBlock.iceandfire.goldpile":8,"stat.drop.securitycraft.universal_block_remover":1,"stat.drop.mcheli.spawn_gunner_vs_player":1,"stat.killEntity.mutantbeasts.mutant_enderman":2,"stat.pickup.vampirism.human_heart":3,"stat.sneakTime":6816,"stat.pickup.ic2.sapling":1,"stat.pickup.minecraft.yellow_flower":1,"stat.pickup.minecraft.chest":2,"stat.drop.elevatorid.elevator_lime":1,"stat.pickup.minecraft.bone":71,"stat.mineBlock.minecraft.brown_mushroom":1,"stat.pickup.iceandfire.deathworm_chitin":12,"stat.swimOneCm":55715,"stat.climbOneCm":2505,"stat.drop.simpleplanes.booster":2,"stat.drop.mcheli.f16c":1,"stat.useItem.minecraft.dirt":262,"stat.craftItem.minecraft.stone_pickaxe":2,"stat.pickup.minecraft.cobblestone":1327,"stat.craftItem.ic2.ingot":51,"stat.drop.minecraft.wheat_seeds":32,"stat.useItem.minecraft.cooked_beef":42,"stat.pickup.minecraft.redstone":236,"stat.mineBlock.minecraft.iron_ore":117,"stat.drop.minecraft.log":4,"stat.pickup.minecraft.mutton":28,"stat.drop.minecraft.coal":2,"stat.useItem.simpleplanes.bop_magic_helicopter":2,"stat.drop.minecraft.dirt":12,"stat.useItem.minecraft.cooked_porkchop":3,"stat.pickup.minecraft.iron_shovel":1,"stat.killEntity.vampirism.vampire_hunter":8,"stat.craftItem.iceandfire.armor_red_chestplate":1,"stat.drop.mcheli.90tk":1,"stat.drop.mutantbeasts.creeper_shard":1,"stat.craftItem.minecraft.stone_slab2":0,"stat.craftItem.minecraft.stick":52,"stat.pickup.minecraft.grass":1,"stat.mineBlock.minecraft.crafting_table":5,"stat.drop.minecraft.leaves":1,"stat.craftItem.iceandfire.armor_gray_chestplate":2,"stat.entityKilledBy.Creeper":1,"stat.useItem.as_extraresources.refined_iron_stick_diamond_sword":115,"stat.mineBlock.minecraft.planks":8,"stat.drop":130,"stat.mineBlock.mwc.copper_ore":7,"stat.killEntity.Sheep":26,"stat.entityKilledBy.mutantbeasts.mutant_creeper":1,"stat.pickup.minecraft.slime_ball":2,"stat.pickup.mcheli.oerlikon_20mm":1,"stat.craftItem.securitycraft.universal_block_remover":1,"stat.drop.minecraft.wooden_pickaxe":1,"stat.pickup.minecraft.gravel":1,"stat.killEntity.Slime":8,"stat.pickup.minecraft.fence":3,"stat.useItem.minecraft.stone_axe":87,"stat.drop.mcheli.b-2a":1,"stat.pickup.minecraft.spider_eye":3,"stat.useItem.mutantbeasts.creeper_shard":5,"stat.craftItem.minecraft.iron_helmet":1,"stat.pickup.vampirism.vampire_fang":4,"stat.pickup.mwc.remington870":3,"stat.pickup.minecraft.iron_ore":117,"stat.killEntity.mutantbeasts.mutant_creeper":6,"stat.pickup.minecraft.leather":32,"stat.mineBlock.minecraft.furnace":2,"stat.useItem.minecraft.wooden_pickaxe":35,"stat.drop.mutantbeasts.mutant_skeleton_shoulder_pad":1,"stat.pickup.minecraft.reeds":100,"stat.pickup.minecraft.oak_stairs":10,"stat.damageDealt":42997,"stat.sleepInBed":8,"stat.useItem.ic2.resource":2,"stat.killEntity.Cow":50,"stat.killEntity.Pig":4,"stat.mineBlock.iceandfire.chared_dirt":2,"stat.craftItem.minecraft.iron_sword":1,"stat.walkOneCm":1122213,"stat.playerKills":1,"stat.mineBlock.ic2.te":4,"stat.craftItem.as_extraresources.obsidian_stick_diamond_pickaxe":1,"stat.pickup.minecraft.stick":3,"stat.pickup.minecraft.stone":129,"stat.mineBlock.minecraft.wool":2,"stat.pickup.ic2.forge_hammer":1,"stat.killEntity.futuremc:salmon":3,"stat.pickup.minecraft.gold_ingot":6,"stat.killEntity.Skeleton":59,"stat.pickup.vampirism.holy_salt":2,"stat.drop.mwc.rpg7":1,"stat.killEntity.Chicken":6,"stat.drop.minecraft.crafting_table":1,"stat.killEntity.Spider":24,"stat.craftItem.iceandfire.armor_red_boots":1,"stat.drop.ic2.forge_hammer":1,"stat.useItem.minecraft.golden_apple":9,"stat.mineBlock.minecraft.leaves":5,"stat.mineBlock.minecraft.redstone_ore":55,"stat.mineBlock.mwc.ammo_press":1,"stat.craftItem.mwc.copper_ingot":2,"stat.drop.minecraft.beef":6,"stat.drop.mutantbeasts.mutant_skeleton_limb":6,"stat.pickup.ic2.drill":1,"stat.mineBlock.minecraft.stone":1223}