{"stat.leaveGame":4,"stat.killEntity.vampirism.vampire":10,"stat.craftItem.minecraft.shield":2,"stat.useItem.minecraft.planks":9,"stat.craftItem.mwc.weapon_workbench":1,"stat.useItem.minecraft.water_bucket":26,"stat.pickup.minecraft.rotten_flesh":20,"stat.pickup.minecraft.sand":59,"stat.craftItem.minecraft.stone_axe":1,"stat.pickup.iceandfire.chared_cobblestone":1,"stat.pickup.advancedsticks.shrub_seeds":2,"stat.craftItem.minecraft.stone_sword":1,"stat.craftItem.minecraft.iron_shovel":1,"stat.entityKilledBy.firedragon":4,"stat.pickup.minecraft.brown_mushroom":4,"stat.mineBlock.minecraft.sand":59,"stat.pickup.iceandfire.ash":4,"stat.killEntity.Witch":1,"stat.craftItem.minecraft.cooked_fish":3,"stat.useItem.minecraft.iron_pickaxe":500,"stat.craftItem.minecraft.wooden_pickaxe":1,"stat.useItem.minecraft.iron_shovel":65,"stat.craftItem.minecraft.bed":3,"stat.craftItem.mwc.steel_ingot":2,"stat.useItem.minecraft.oak_stairs":5,"stat.furnaceInteraction":43,"stat.craftItem.mwc.graphite_chunk":4,"stat.pickup.minecraft.beef":14,"stat.useItem.minecraft.cooked_mutton":18,"stat.pickup.minecraft.furnace":2,"stat.mineBlock.iceandfire.ash":1,"stat.killEntity.mwc_terrorist":4,"stat.pickup.futuremc.lily_of_the_valley":1,"stat.mineBlock.minecraft.fence":2,"stat.craftItem.mwc.steel_dust":2,"stat.mineBlock.minecraft.oak_stairs":9,"stat.deaths":9,"stat.pickup.minecraft.egg":5,"stat.playOneMinute":118370,"stat.craftItem.minecraft.iron_pickaxe":2,"stat.drop.minecraft.torch":1,"stat.mineBlock.minecraft.tallgrass":155,"stat.craftItem.minecraft.cooked_mutton":18,"stat.chestOpened":21,"stat.craftItem.futuremc.smoker":1,"stat.useItem.minecraft.stone":1,"stat.killEntity.mutantbeasts.creeper_minion":8,"stat.pickup.minecraft.waterlily":4,"stat.pickup.minecraft.arrow":4,"stat.pickup.minecraft.wooden_pressure_plate":2,"stat.pickup.minecraft.gold_nugget":38,"stat.fallOneCm":50815,"stat.drop.minecraft.stone":4,"stat.pickup.minecraft.carrot":2,"stat.crouchOneCm":3871,"stat.craftItem.minecraft.iron_ingot":60,"stat.craftItem.minecraft.chest":2,"stat.craftingTableInteraction":33,"stat.mineBlock.minecraft.wooden_pressure_plate":2,"stat.mineBlock.ic2.resource":1,"stat.pickup.minecraft.wooden_pickaxe":1,"stat.pickup.minecraft.feather":4,"stat.useItem.minecraft.reeds":33,"stat.pickup.minecraft.dye":37,"stat.pickup.minecraft.planks":17,"stat.pickup.minecraft.wheat_seeds":47,"stat.useItem.minecraft.stone_pickaxe":124,"stat.useItem.minecraft.stone_sword":66,"stat.mineBlock.minecraft.dirt":66,"stat.useItem.minecraft.torch":38,"stat.pickup.mwc.m16a1":2,"stat.pickup.minecraft.crafting_table":4,"stat.useItem.minecraft.cobblestone":38,"stat.craftItem.minecraft.crafting_table":4,"stat.mineBlock.minecraft.double_plant":17,"stat.pickup.minecraft.log":62,"stat.useItem.minecraft.cooked_fish":3,"stat.drop.minecraft.planks":3,"stat.drop.minecraft.sapling":1,"stat.pickup.minecraft.chicken":7,"stat.pickup.minecraft.sapling":2,"stat.craftItem.minecraft.bucket":1,"stat.mineBlock.iceandfire.goldpile":8,"stat.craftItem.minecraft.planks":80,"stat.useItem.minecraft.iron_sword":292,"stat.pickup.futuremc.cornflower":1,"stat.pickup.advancedsticks.bough":1,"stat.pickup.mwc.ammo_press":1,"stat.pickup.minecraft.stone_sword":2,"stat.pickup.minecraft.book":20,"stat.mineBlock.minecraft.log":61,"stat.mineBlock.minecraft.waterlily":2,"stat.pickup.minecraft.red_flower":3,"stat.sneakTime":1866,"stat.pickup.minecraft.wool":22,"stat.pickup.minecraft.bone":14,"stat.mineBlock.minecraft.cobblestone":3,"stat.mineBlock.minecraft.brown_mushroom":1,"stat.swimOneCm":29792,"stat.climbOneCm":1177,"stat.entityKilledBy.mwc_terrorist":2,"stat.useItem.minecraft.dirt":28,"stat.useItem.minecraft.stone_slab2":39,"stat.pickup.minecraft.iron_boots":1,"stat.craftItem.minecraft.furnace":1,"stat.useItem.minecraft.egg":2,"stat.craftItem.minecraft.iron_boots":2,"stat.craftItem.minecraft.stone_pickaxe":1,"stat.craftItem.minecraft.cooked_beef":14,"stat.pickup.minecraft.cobblestone":723,"stat.craftItem.mwc.ammo_press":1,"stat.flyOneCm":461593,"stat.pickup.minecraft.fish":3,"stat.drop.minecraft.wheat_seeds":25,"stat.useItem.minecraft.cooked_beef":11,"stat.pickup.minecraft.redstone":39,"stat.mineBlock.minecraft.iron_ore":67,"stat.timeSinceDeath":23274,"stat.drop.minecraft.log":1,"stat.pickup.minecraft.mutton":20,"stat.killEntity.Bat":2,"stat.useItem.minecraft.cooked_porkchop":3,"stat.mineBlock.minecraft.coal_ore":64,"stat.drop.minecraft.wool":1,"stat.killEntity.Creeper":3,"stat.pickup.minecraft.shield":1,"stat.talkedToVillager":5,"stat.pickup.minecraft.string":1,"stat.craftItem.minecraft.stone_slab2":0,"stat.killEntity.Squid":1,"stat.sprintOneCm":288762,"stat.craftItem.minecraft.stick":28,"stat.pickup.ic2.resource":2,"stat.mineBlock.minecraft.crafting_table":4,"stat.mineBlock.minecraft.planks":5,"stat.drop":37,"stat.killEntity.Sheep":20,"stat.entityKilledBy.mutantbeasts.mutant_creeper":1,"stat.killEntity.Zombie":19,"stat.pickup.iceandfire.chared_dirt":1,"stat.mineBlock.minecraft.gold_ore":8,"stat.diveOneCm":35095,"stat.drop.minecraft.wooden_pickaxe":1,"stat.craftItem.minecraft.cooked_porkchop":3,"stat.jump":2413,"stat.useItem.minecraft.sand":53,"stat.pickup.minecraft.fence":2,"stat.pickup.minecraft.coal":70,"stat.useItem.minecraft.stone_axe":87,"stat.pickup.minecraft.gunpowder":8,"stat.craftItem.minecraft.torch":36,"stat.pickup.minecraft.dirt":66,"stat.craftItem.minecraft.iron_helmet":1,"stat.pickup.vampirism.vampire_fang":2,"stat.pickup.mwc.remington870":1,"stat.pickup.minecraft.iron_ore":67,"stat.pickup.minecraft.gold_ore":8,"stat.mineBlock.minecraft.lapis_ore":6,"stat.damageTaken":4282,"stat.pickup.minecraft.leather":8,"stat.mineBlock.minecraft.red_flower":2,"stat.mineBlock.minecraft.furnace":2,"stat.mineBlock.minecraft.torch":3,"stat.useItem.minecraft.wooden_pickaxe":25,"stat.pickup.minecraft.reeds":100,"stat.pickup.minecraft.bed":3,"stat.pickup.minecraft.potato":10,"stat.pickup.minecraft.oak_stairs":10,"stat.damageDealt":14448,"stat.sleepInBed":3,"stat.killEntity.Cow":5,"stat.mineBlock.iceandfire.chared_dirt":2,"stat.craftItem.minecraft.iron_sword":1,"stat.walkOneCm":253179,"stat.pickup.minecraft.stick":3,"stat.pickup.minecraft.stone":54,"stat.craftItem.minecraft.iron_chestplate":2,"stat.killEntity.futuremc:salmon":3,"stat.pickup.minecraft.cooked_beef":4,"stat.killEntity.Skeleton":7,"stat.killEntity.Chicken":3,"stat.killEntity.Spider":1,"stat.mobKills":93,"stat.mineBlock.minecraft.bookshelf":7,"stat.pickup.minecraft.torch":11,"stat.mineBlock.minecraft.redstone_ore":9,"stat.mineBlock.mwc.ammo_press":1,"stat.mineBlock.minecraft.stone":487}