{"stat.drop.mwc.turretsilenced":1,"stat.chestOpened":2,"stat.walkOneCm":39027,"stat.drop.mcheli.ah-64":1,"stat.pickup.iceandfire.fire_dragon_flesh":3,"stat.drop.mwc.chainsaw":1,"stat.leaveGame":3,"stat.pickup.minecraft.arrow":2,"stat.killEntity.gorgon":1,"stat.drop.mcheli.f-35a":1,"stat.pickup.minecraft.stonebrick":3,"stat.craftItem.minecraft.crafting_table":3,"stat.furnaceInteraction":11,"stat.drop.minecraft.dirt":2,"stat.pickup.iceandfire.dragon_skull":1,"stat.mineBlock.minecraft.brown_mushroom":2,"stat.drop.iceandfire.dragonbone":2,"stat.killEntity.vampirism.vampire":3,"stat.killEntity.Creeper":3,"stat.pickup.minecraft.log":10,"stat.useItem.minecraft.mutton":3,"stat.swimOneCm":669,"stat.jump":447,"stat.drop.mcheli.90tk":1,"stat.fallOneCm":9184,"stat.useItem.minecraft.planks":10,"stat.useItem.minecraft.cooked_mutton":3,"stat.drop.minecraft.iron_chestplate":1,"stat.craftItem.minecraft.stone_slab2":0,"stat.drop.minecraft.sapling":1,"stat.drop.mcheli.b-2a":1,"stat.crouchOneCm":590,"stat.pickup.minecraft.chicken":1,"stat.drop.mcheli.12.7s":1,"stat.pickup.minecraft.sapling":1,"stat.pickup.minecraft.dirt":15,"stat.sprintOneCm":40309,"stat.useItem.minecraft.stone_slab2":6,"stat.craftItem.minecraft.stick":4,"stat.craftingTableInteraction":9,"stat.pickup.minecraft.sand":4,"stat.killEntity.Skeleton":2,"stat.pickup.iceandfire.fire_dragon_heart":1,"stat.craftItem.minecraft.furnace":1,"stat.pickup.mcheli.12.7s":1,"stat.craftItem.minecraft.planks":40,"stat.killEntity.Chicken":6,"stat.useItem.minecraft.snowball":19,"stat.pickup.iceandfire.dragonscales_green":48,"stat.damageTaken":200,"stat.pickup.minecraft.feather":1,"stat.drop.vampirism.vampire_fang":1,"stat.craftItem.minecraft.stone_pickaxe":1,"stat.useItem.minecraft.wooden_pickaxe":34,"stat.drop.minecraft.snowball":3,"stat.mobKills":34,"stat.pickup.minecraft.cobblestone":32,"stat.mineBlock.minecraft.log":11,"stat.pickup.iceandfire.dragonbone":16,"stat.drop.mcheli.m109":1,"stat.pickup.iceandfire.gorgon_head":1,"stat.flyOneCm":297148,"stat.killEntity.hippogryph":1,"stat.pickup.minecraft.brown_mushroom":2,"stat.drop":19,"stat.pickup.minecraft.wheat_seeds":1,"stat.mineBlock.minecraft.leaves":3,"stat.pickup.minecraft.egg":2,"stat.playOneMinute":52128,"stat.useItem.minecraft.stone_pickaxe":16,"stat.killEntity.Sheep":7,"stat.sneakTime":686,"stat.pickup.minecraft.wool":7,"stat.damageDealt":876,"stat.pickup.minecraft.redstone":2,"stat.killEntity.Zombie":3,"stat.killEntity.firedragon":1,"stat.timeSinceDeath":52128,"stat.pickup.minecraft.snowball":15,"stat.drop.mcheli.f14d":1,"stat.mineBlock.minecraft.dirt":1,"stat.craftItem.minecraft.wooden_pickaxe":1,"stat.mineBlock.minecraft.stone":31,"stat.killEntity.Pig":6,"stat.mineBlock.minecraft.tallgrass":2,"stat.craftItem.minecraft.cooked_mutton":7,"stat.pickup.minecraft.mutton":11,"stat.diveOneCm":1310}