{"stat.craftItem.minecraft.furnace":1,"stat.walkOneCm":23332,"stat.craftItem.minecraft.planks":24,"stat.leaveGame":3,"stat.damageTaken":180,"stat.craftItem.minecraft.crafting_table":2,"stat.furnaceInteraction":4,"stat.craftItem.minecraft.stone_pickaxe":1,"stat.useItem.minecraft.wooden_pickaxe":34,"stat.mobKills":8,"stat.pickup.minecraft.cobblestone":31,"stat.mineBlock.minecraft.brown_mushroom":2,"stat.mineBlock.minecraft.log":7,"stat.pickup.minecraft.log":6,"stat.flyOneCm":48330,"stat.useItem.minecraft.mutton":3,"stat.pickup.minecraft.brown_mushroom":2,"stat.jump":300,"stat.swimOneCm":546,"stat.playOneMinute":15228,"stat.fallOneCm":7872,"stat.useItem.minecraft.planks":10,"stat.killEntity.Sheep":6,"stat.useItem.minecraft.stone_pickaxe":16,"stat.useItem.minecraft.cooked_mutton":1,"stat.sneakTime":233,"stat.pickup.minecraft.wool":6,"stat.craftItem.minecraft.stone_slab2":0,"stat.damageDealt":796,"stat.crouchOneCm":331,"stat.killEntity.Zombie":1,"stat.timeSinceDeath":15228,"stat.pickup.minecraft.dirt":1,"stat.sprintOneCm":24475,"stat.mineBlock.minecraft.dirt":1,"stat.useItem.minecraft.stone_slab2":5,"stat.craftItem.minecraft.wooden_pickaxe":1,"stat.mineBlock.minecraft.stone":31,"stat.mineBlock.minecraft.tallgrass":2,"stat.craftItem.minecraft.cooked_mutton":1,"stat.pickup.minecraft.mutton":10,"stat.craftItem.minecraft.stick":4,"stat.craftingTableInteraction":6}