{"stat.chestOpened":2,"stat.pickup.iceandfire.fire_dragon_flesh":3,"stat.drop.vampirism.pure_blood":1,"stat.leaveGame":3,"stat.drop.mcheli.uav_station":1,"stat.pickup.minecraft.arrow":2,"stat.killEntity.gorgon":1,"stat.drop.mcheli.il28sh":1,"stat.mineBlock.minecraft.brown_mushroom":2,"stat.killEntity.vampirism.vampire":7,"stat.useItem.minecraft.mutton":3,"stat.swimOneCm":669,"stat.jump":544,"stat.fallOneCm":9184,"stat.useItem.minecraft.planks":10,"stat.drop.mcheli.b-2a":1,"stat.drop.mcheli.f16c":1,"stat.crouchOneCm":616,"stat.drop.mcheli.12.7s":2,"stat.pickup.minecraft.dirt":15,"stat.useItem.minecraft.stone_slab2":7,"stat.craftingTableInteraction":9,"stat.pickup.minecraft.sand":4,"stat.pickup.iceandfire.fire_dragon_heart":1,"stat.drop.mcheli.bqm_74e":1,"stat.craftItem.minecraft.furnace":1,"stat.damageTaken":200,"stat.pickup.minecraft.feather":1,"stat.craftItem.minecraft.stone_pickaxe":1,"stat.useItem.minecraft.wooden_pickaxe":34,"stat.pickup.minecraft.cobblestone":32,"stat.pickup.minecraft.planks":1,"stat.drop.mcheli.m109":1,"stat.pickup.vampirism.item_tent":1,"stat.flyOneCm":449862,"stat.killEntity.hippogryph":1,"stat.pickup.minecraft.brown_mushroom":2,"stat.pickup.minecraft.wheat_seeds":1,"stat.drop.vampirism.altar_infusion":1,"stat.useItem.minecraft.stone_pickaxe":16,"stat.damageDealt":1176,"stat.pickup.minecraft.redstone":2,"stat.timeSinceDeath":64728,"stat.drop.mcheli.f14d":1,"stat.mineBlock.minecraft.dirt":1,"stat.craftItem.minecraft.wooden_pickaxe":1,"stat.killEntity.Pig":6,"stat.pickup.minecraft.mutton":11,"stat.drop.mwc.turretsilenced":1,"stat.walkOneCm":43933,"stat.drop.mcheli.ah-64":1,"stat.drop.mwc.chainsaw":1,"stat.drop.mcheli.f-35a":1,"stat.pickup.minecraft.stonebrick":3,"stat.craftItem.minecraft.crafting_table":3,"stat.furnaceInteraction":11,"stat.drop.minecraft.dirt":2,"stat.pickup.iceandfire.dragon_skull":1,"stat.drop.mcheli.ae86":1,"stat.drop.vampirism.blood_bottle":1,"stat.drop.iceandfire.dragonbone":5,"stat.killEntity.Creeper":3,"stat.drop.vampirism.item_tent":1,"stat.pickup.minecraft.log":10,"stat.drop.mcheli.90tk":1,"stat.useItem.minecraft.cooked_mutton":3,"stat.drop.minecraft.iron_chestplate":1,"stat.craftItem.minecraft.stone_slab2":0,"stat.drop.minecraft.sapling":1,"stat.pickup.minecraft.chicken":1,"stat.pickup.minecraft.sapling":1,"stat.drop.minecraft.egg":2,"stat.sprintOneCm":47968,"stat.craftItem.minecraft.stick":4,"stat.killEntity.Skeleton":2,"stat.pickup.mcheli.12.7s":1,"stat.craftItem.minecraft.planks":40,"stat.killEntity.Chicken":6,"stat.useItem.minecraft.snowball":19,"stat.pickup.iceandfire.dragonscales_green":48,"stat.drop.vampirism.vampire_fang":1,"stat.drop.minecraft.snowball":3,"stat.mobKills":40,"stat.mineBlock.minecraft.log":11,"stat.pickup.iceandfire.dragonbone":16,"stat.pickup.iceandfire.gorgon_head":1,"stat.drop":35,"stat.mineBlock.minecraft.leaves":3,"stat.pickup.minecraft.egg":2,"stat.playOneMinute":64728,"stat.killEntity.Sheep":7,"stat.sneakTime":880,"stat.drop.mwc.m67frag":1,"stat.pickup.minecraft.wool":7,"stat.killEntity.Zombie":4,"stat.killEntity.firedragon":2,"stat.pickup.minecraft.snowball":15,"stat.mineBlock.minecraft.stone":31,"stat.mineBlock.minecraft.tallgrass":2,"stat.craftItem.minecraft.cooked_mutton":7,"stat.diveOneCm":1310}