{"stat.pickup.iceandfire.fire_dragon_flesh":5,"stat.leaveGame":7,"stat.drop.iceandfire.dragonscales_gray":1,"stat.useItem.iceandfire.silver_sword":2,"stat.jump":189,"stat.fallOneCm":3613,"stat.crouchOneCm":361,"stat.pickup.minecraft.dirt":33,"stat.useItem.minecraft.stone_slab2":1,"stat.pickup.iceandfire.fire_dragon_heart":2,"stat.damageTaken":24,"stat.useItem.iceandfire.dragonsteel_fire_sword":24,"stat.pickup.iceandfire.dragonscales_red":2,"stat.pickup.minecraft.reeds":3,"stat.flyOneCm":69147,"stat.pickup.minecraft.wheat_seeds":3,"stat.drop.minecraft.wheat_seeds":1,"stat.damageDealt":4096,"stat.timeSinceDeath":14807,"stat.mineBlock.minecraft.dirt":23,"stat.useItem.minecraft.spawn_egg":1,"stat.pickup.minecraft.mutton":14,"stat.drop.minecraft.cooked_mutton":1,"stat.walkOneCm":24150,"stat.drop.minecraft.dirt":13,"stat.pickup.iceandfire.dragon_skull":2,"stat.drop.minecraft.wool":1,"stat.drop.minecraft.spawn_egg":2,"stat.drop.minecraft.chicken":1,"stat.drop.iceandfire.dragon_skull":2,"stat.pickup.minecraft.chicken":2,"stat.sprintOneCm":8968,"stat.pickup.iceandfire.dragonscales_gray":2,"stat.killEntity.Chicken":2,"stat.mobKills":14,"stat.pickup.minecraft.spawn_egg":2,"stat.pickup.iceandfire.dragonbone":10,"stat.drop":22,"stat.pickup.minecraft.egg":1,"stat.playOneMinute":14807,"stat.killEntity.Sheep":9,"stat.sneakTime":184,"stat.pickup.minecraft.wool":11,"stat.killEntity.firedragon":2,"stat.mineBlock.minecraft.tallgrass":9,"stat.pickup.minecraft.cooked_mutton":1}